timestamp,frame,right_hip_angle,right_knee_angle,right_ankle_angle,left_hip_angle,left_knee_angle,left_ankle_angle
2025-10-06 19:14:42.552,1,,,,,,
2025-10-06 19:14:42.723,2,,,,,,
2025-10-06 19:14:42.793,3,,,,,,
2025-10-06 19:14:42.861,4,,,,,,
2025-10-06 19:14:42.926,5,,,,,,
2025-10-06 19:14:42.992,6,,,,,,
2025-10-06 19:14:43.056,7,,,,,,
2025-10-06 19:14:43.118,8,,,,,,
2025-10-06 19:14:43.181,9,,,,,,
2025-10-06 19:14:43.246,10,,,,,,
2025-10-06 19:14:43.313,11,,,,,,
2025-10-06 19:14:43.377,12,,,,,,
2025-10-06 19:14:43.445,13,,,,,,
2025-10-06 19:14:43.509,14,,,,,,
2025-10-06 19:14:43.575,15,,,,,,
2025-10-06 19:14:43.640,16,,,,,,
2025-10-06 19:14:43.703,17,,,,,,
2025-10-06 19:14:43.767,18,,,,,,
2025-10-06 19:14:43.833,19,,,,,,
2025-10-06 19:14:43.886,20,,,,,,
2025-10-06 19:14:43.941,21,,,,,,
2025-10-06 19:14:44.053,22,,,,,,
2025-10-06 19:14:44.113,23,,,,,,
2025-10-06 19:14:44.175,24,,,,,,
2025-10-06 19:14:44.239,25,,,,,,
2025-10-06 19:14:44.301,26,,,,,,
2025-10-06 19:14:44.365,27,,,,,,
2025-10-06 19:14:44.430,28,,,,,,
2025-10-06 19:14:44.495,29,,,,,,
2025-10-06 19:14:44.560,30,,,,,,
2025-10-06 19:14:44.629,31,,,,,,
2025-10-06 19:14:44.704,32,,,,,,
2025-10-06 19:14:44.768,33,,,,,,
2025-10-06 19:14:44.840,34,,,,,,
2025-10-06 19:14:44.906,35,,,,,,
2025-10-06 19:14:44.973,36,,,,,,
2025-10-06 19:14:45.037,37,,,,,,
2025-10-06 19:14:45.102,38,,,,,,
2025-10-06 19:14:45.166,39,,,,,,
2025-10-06 19:14:45.229,40,,,,,,
2025-10-06 19:14:45.293,41,,,,,,
2025-10-06 19:14:45.358,42,,,,,,
2025-10-06 19:14:45.421,43,,,,,,
2025-10-06 19:14:45.486,44,,,,,,
2025-10-06 19:14:45.549,45,,,,,,
2025-10-06 19:14:45.627,46,,,,,,
2025-10-06 19:14:45.691,47,,,,,,
2025-10-06 19:14:45.754,48,,,,,,
2025-10-06 19:14:45.828,49,,,,,,
2025-10-06 19:14:45.898,50,,,,,,
2025-10-06 19:14:45.960,51,,,,,,
2025-10-06 19:14:46.025,52,,,,,,
2025-10-06 19:14:46.087,53,,,,,,
2025-10-06 19:14:46.162,54,,,,,,
2025-10-06 19:14:46.223,55,,,,,,
2025-10-06 19:14:46.287,56,,,,,,
2025-10-06 19:14:46.348,57,,,,,,
2025-10-06 19:14:46.413,58,,,,,,
2025-10-06 19:14:46.476,59,,,,,,
2025-10-06 19:14:46.540,60,,,,,,
2025-10-06 19:14:46.604,61,,,,,,
2025-10-06 19:14:46.668,62,,,,,,
2025-10-06 19:14:46.735,63,,,,,,
2025-10-06 19:14:46.799,64,,,,,,
2025-10-06 19:14:46.872,65,,,,,,
2025-10-06 19:14:46.934,66,,,,,,
2025-10-06 19:14:46.996,67,,,,,,
2025-10-06 19:14:47.059,68,,,,,,
2025-10-06 19:14:47.114,69,,,,,,
2025-10-06 19:14:47.168,70,,,,,,
2025-10-06 19:14:47.221,71,,,,,,
2025-10-06 19:14:47.275,72,,,,,,
2025-10-06 19:14:47.329,73,,,,,,
2025-10-06 19:14:47.384,74,,,,,,
2025-10-06 19:14:47.440,75,,,,,,
2025-10-06 19:14:47.492,76,,,,,,
2025-10-06 19:14:47.549,77,,,,,,
2025-10-06 19:14:47.602,78,,,,,,
2025-10-06 19:14:47.655,79,,,,,,
2025-10-06 19:14:47.711,80,,,,,,
2025-10-06 19:14:47.766,81,,,,,,
2025-10-06 19:14:47.822,82,,,,,,
2025-10-06 19:14:47.877,83,,,,,,
2025-10-06 19:14:47.930,84,,,,,,
2025-10-06 19:14:47.984,85,,,,,,
2025-10-06 19:14:48.094,86,,,,,,
2025-10-06 19:14:48.147,87,,,,,,
2025-10-06 19:14:48.215,88,,,,,,
2025-10-06 19:14:48.271,89,,,,,,
2025-10-06 19:14:48.324,90,,,,,,
2025-10-06 19:14:48.378,91,,,,,,
2025-10-06 19:14:48.488,92,,,,,,
2025-10-06 19:14:48.596,93,,,,,,
2025-10-06 19:14:48.659,94,,,,,,
2025-10-06 19:14:48.713,95,,,,,,
2025-10-06 19:14:48.765,96,,,,,,
2025-10-06 19:14:48.822,97,,,,,,
2025-10-06 19:14:48.877,98,,,,,,
2025-10-06 19:14:48.930,99,,,,,,
2025-10-06 19:14:48.984,100,,,,,,
2025-10-06 19:14:49.093,101,,,,,,
2025-10-06 19:14:49.163,102,,,,,,
2025-10-06 19:14:49.232,103,,,,,,
2025-10-06 19:14:49.294,104,,,,,,
2025-10-06 19:14:49.357,105,,,,,,
2025-10-06 19:14:49.417,106,,,,,,
2025-10-06 19:14:49.477,107,,,,,,
2025-10-06 19:14:49.544,108,,,,,,
2025-10-06 19:14:49.605,109,,,,,,
2025-10-06 19:14:49.668,110,,,,,,
2025-10-06 19:14:49.780,111,,,,,,
2025-10-06 19:14:49.842,112,,,,,,
2025-10-06 19:14:49.902,113,,,,,,
2025-10-06 19:14:50.012,114,,,,,,
2025-10-06 19:14:50.072,115,,,,,,
2025-10-06 19:14:50.141,116,,,,,,
2025-10-06 19:14:50.205,117,,,,,,
2025-10-06 19:14:50.315,118,,,,,,
2025-10-06 19:14:50.425,119,,,,,,
2025-10-06 19:14:50.535,120,,,,,,
2025-10-06 19:14:50.644,121,,,,,,
2025-10-06 19:14:50.708,122,,,,,,
2025-10-06 19:14:50.768,123,,,,,,
2025-10-06 19:14:50.877,124,,,,,,
2025-10-06 19:14:50.986,125,,,,,,
2025-10-06 19:14:51.039,126,,,,,,
2025-10-06 19:14:51.092,127,,,,,,
2025-10-06 19:14:51.158,128,,,,,,
2025-10-06 19:14:51.213,129,,,,,,
2025-10-06 19:14:51.267,130,,,,,,
2025-10-06 19:14:51.321,131,,,,,,
2025-10-06 19:14:51.431,132,,,,,,
2025-10-06 19:14:51.544,133,,,,,,
2025-10-06 19:14:51.604,134,,,,,,
2025-10-06 19:14:51.713,135,,,,,,
2025-10-06 19:14:51.774,136,,,,,,
2025-10-06 19:14:51.826,137,,,,,,
2025-10-06 19:14:51.880,138,,,,,,
2025-10-06 19:14:51.936,139,,,,,,
2025-10-06 19:14:51.991,140,,,,,,
2025-10-06 19:14:52.045,141,,,,,,
2025-10-06 19:14:52.098,142,,,,,,
2025-10-06 19:14:52.151,143,,,,,,
2025-10-06 19:14:52.204,144,,,,,,
2025-10-06 19:14:52.257,145,,,,,,
2025-10-06 19:14:52.310,146,,,,,,
2025-10-06 19:14:52.363,147,,,,,,
2025-10-06 19:14:52.421,148,,,,,,
2025-10-06 19:14:52.476,149,,,,,,
2025-10-06 19:14:52.585,150,,,,,,
2025-10-06 19:14:52.647,151,,,,,,
2025-10-06 19:14:52.711,152,,,,,,
2025-10-06 19:14:52.774,153,,,,,,
2025-10-06 19:14:52.835,154,,,,,,
2025-10-06 19:14:52.900,155,,,,,,
2025-10-06 19:14:52.963,156,,,,,,
2025-10-06 19:14:53.026,157,,,,,,
2025-10-06 19:14:53.089,158,,,,,,
2025-10-06 19:14:53.153,159,,,,,,
2025-10-06 19:14:53.214,160,,,,,,
2025-10-06 19:14:53.276,161,,,,,,
2025-10-06 19:14:53.337,162,,,,,,
2025-10-06 19:14:53.400,163,,,,,,
2025-10-06 19:14:53.462,164,,,,,,
2025-10-06 19:14:53.523,165,,,,,,
2025-10-06 19:14:53.587,166,,,,,,
2025-10-06 19:14:53.651,167,,,,,,
2025-10-06 19:14:53.706,168,,,,,,
2025-10-06 19:14:53.759,169,,,,,,
2025-10-06 19:14:53.812,170,,,,,,
2025-10-06 19:14:53.863,171,,,,,,
2025-10-06 19:14:53.916,172,,,,,,
2025-10-06 19:14:53.969,173,,,,,,
2025-10-06 19:14:54.022,174,,,,,,
2025-10-06 19:14:54.101,175,,,,,,
2025-10-06 19:14:54.165,176,,,,,,
2025-10-06 19:14:54.219,177,,,,,,
2025-10-06 19:14:54.274,178,,,,,,
2025-10-06 19:14:54.328,179,,,,,,
2025-10-06 19:14:54.383,180,,,,,,
2025-10-06 19:14:54.437,181,,,,,,
2025-10-06 19:14:54.490,182,,,,,,
2025-10-06 19:14:54.543,183,,,,,,
2025-10-06 19:14:54.598,184,,,,,,
2025-10-06 19:14:54.654,185,,,,,,
2025-10-06 19:14:54.707,186,,,,,,
2025-10-06 19:14:54.760,187,,,,,,
2025-10-06 19:14:54.834,188,,,,,,
2025-10-06 19:14:54.888,189,,,,,,
2025-10-06 19:14:54.943,190,,,,,,
2025-10-06 19:14:54.996,191,,,,,,
2025-10-06 19:14:55.049,192,,,,,,
2025-10-06 19:14:55.158,193,,,,,,
2025-10-06 19:14:55.219,194,,,,,,
2025-10-06 19:14:55.272,195,,,,,,
2025-10-06 19:14:55.327,196,,,,,,
2025-10-06 19:14:55.381,197,,,,,,
2025-10-06 19:14:55.434,198,,,,,,
2025-10-06 19:14:55.487,199,,,,,,
2025-10-06 19:14:55.540,200,,,,,,
2025-10-06 19:14:55.594,201,,,,,,
2025-10-06 19:14:55.647,202,,,,,,
2025-10-06 19:14:55.699,203,,,,,,
2025-10-06 19:14:55.754,204,,,,,,
2025-10-06 19:14:55.806,205,,,,,,
2025-10-06 19:14:55.862,206,,,,,,
2025-10-06 19:14:55.925,207,,,,,,
2025-10-06 19:14:55.979,208,,,,,,
2025-10-06 19:14:56.034,209,,,,,,
2025-10-06 19:14:56.087,210,,,,,,
2025-10-06 19:14:56.141,211,,,,,,
2025-10-06 19:14:56.196,212,,,,,,
2025-10-06 19:14:56.250,213,,,,,,
2025-10-06 19:14:56.304,214,,,,,,
2025-10-06 19:14:56.357,215,,,,,,
2025-10-06 19:14:56.409,216,,,,,,
2025-10-06 19:14:56.464,217,,,,,,
2025-10-06 19:14:56.517,218,,,,,,
2025-10-06 19:14:56.571,219,,,,,,
2025-10-06 19:14:56.627,220,,,,,,
2025-10-06 19:14:56.681,221,,,,,,
2025-10-06 19:14:56.734,222,,,,,,
2025-10-06 19:14:56.788,223,,,,,,
2025-10-06 19:14:56.844,224,,,,,,
2025-10-06 19:14:56.895,225,,,,,,
2025-10-06 19:14:56.951,226,,,,,,
2025-10-06 19:14:57.005,227,,,,,,
2025-10-06 19:14:57.058,228,,,,,,
2025-10-06 19:14:57.110,229,,,,,,
2025-10-06 19:14:57.162,230,,,,,,
2025-10-06 19:14:57.215,231,,,,,,
2025-10-06 19:14:57.269,232,,,,,,
2025-10-06 19:14:57.322,233,,,,,,
2025-10-06 19:14:57.375,234,,,,,,
2025-10-06 19:14:57.434,235,,,,,,
2025-10-06 19:14:57.488,236,,,,,,
2025-10-06 19:14:57.541,237,,,,,,
2025-10-06 19:14:57.595,238,,,,,,
2025-10-06 19:14:57.703,239,,,,,,
2025-10-06 19:14:57.764,240,,,,,,
2025-10-06 19:14:57.828,241,,,,,,
2025-10-06 19:14:57.891,242,,,,,,
2025-10-06 19:14:57.957,243,,,,,,
2025-10-06 19:14:58.023,244,,,,,,
2025-10-06 19:14:58.093,245,,,,,,
2025-10-06 19:14:58.160,246,,,,144.420199146068,,
2025-10-06 19:14:58.234,247,,,,,,
2025-10-06 19:14:58.288,248,,,,,,
2025-10-06 19:14:58.342,249,,,,,,
2025-10-06 19:14:58.395,250,,,,,,
2025-10-06 19:14:58.447,251,,,,,,
2025-10-06 19:14:58.501,252,,,,,,
2025-10-06 19:14:58.554,253,,,,,,
2025-10-06 19:14:58.605,254,,,,,,
2025-10-06 19:14:58.658,255,,,,,,
2025-10-06 19:14:58.710,256,,,,,,
2025-10-06 19:14:58.765,257,,,,,,
2025-10-06 19:14:58.818,258,,,,,,
2025-10-06 19:14:58.871,259,,,,,,
2025-10-06 19:14:58.924,260,,,,,,
2025-10-06 19:14:58.980,261,,,,,,
2025-10-06 19:14:59.033,262,,,,,,
2025-10-06 19:14:59.087,263,,,,,,
2025-10-06 19:14:59.142,264,,,,,,
2025-10-06 19:14:59.252,265,172.17688134620815,,,179.22531245596633,,
2025-10-06 19:14:59.313,266,,,,178.74523745577292,,
2025-10-06 19:14:59.392,267,,,,176.65507946145647,,
2025-10-06 19:14:59.455,268,,,,175.98486250648278,,
2025-10-06 19:14:59.519,269,,,,,,
2025-10-06 19:14:59.583,270,,,,,,
2025-10-06 19:14:59.646,271,,,,,,
2025-10-06 19:14:59.715,272,,,,,,
2025-10-06 19:14:59.778,273,,,,179.96244527823117,,
2025-10-06 19:14:59.840,274,,,,,,
2025-10-06 19:14:59.904,275,,,,178.39227278973496,,
2025-10-06 19:14:59.968,276,,,,178.60415351437777,,
2025-10-06 19:15:00.034,277,,,,179.75542449703272,,
2025-10-06 19:15:00.097,278,,,,178.93426392382233,,
2025-10-06 19:15:00.163,279,,,,179.20562148011723,,
2025-10-06 19:15:00.226,280,,,,179.3573275286324,,
2025-10-06 19:15:00.288,281,,,,179.37619339036183,,
2025-10-06 19:15:00.350,282,,,,179.58622675666038,,
2025-10-06 19:15:00.413,283,,,,179.7946242881562,,
2025-10-06 19:15:00.482,284,,,,179.9303796127554,,
2025-10-06 19:15:00.545,285,,,,179.6718541528405,,
2025-10-06 19:15:00.606,286,,,,179.86225189052854,,
2025-10-06 19:15:00.669,287,,,,177.908923260122,,
2025-10-06 19:15:00.731,288,168.4708953114047,,,176.1300366392026,,
2025-10-06 19:15:00.793,289,167.81244729678642,,,175.93926155033887,,
2025-10-06 19:15:00.863,290,167.78433816763402,,,176.14470325464154,,
2025-10-06 19:15:00.927,291,167.34014356004258,,,176.4641212831855,,
2025-10-06 19:15:00.989,292,165.79240822643678,,,170.77941673748253,,
2025-10-06 19:15:01.062,293,,,,176.2083042737459,,
2025-10-06 19:15:01.124,294,,,,168.7985210065878,,
2025-10-06 19:15:01.185,295,,,,169.40758890363472,,
2025-10-06 19:15:01.263,296,,,,174.89030616408758,,
2025-10-06 19:15:01.327,297,,,,,,
2025-10-06 19:15:01.381,298,,,,,,
2025-10-06 19:15:01.435,299,,,,,,
2025-10-06 19:15:01.488,300,,,,,,
2025-10-06 19:15:01.541,301,,,,,,
2025-10-06 19:15:01.594,302,,,,,,
2025-10-06 19:15:01.648,303,,,,,,
2025-10-06 19:15:01.703,304,,,,,,
2025-10-06 19:15:01.758,305,,,,,,
2025-10-06 19:15:01.812,306,,,,,,
2025-10-06 19:15:01.865,307,,,,,,
2025-10-06 19:15:01.926,308,,,,,,
2025-10-06 19:15:01.990,309,,,,,,
2025-10-06 19:15:02.043,310,,,,,,
2025-10-06 19:15:02.097,311,,,,,,
2025-10-06 19:15:02.151,312,,,,,,
2025-10-06 19:15:02.205,313,,,,,,
2025-10-06 19:15:02.257,314,,,,,,
2025-10-06 19:15:02.309,315,,,,,,
2025-10-06 19:15:02.361,316,,,,,,
2025-10-06 19:15:02.415,317,,,,,,
2025-10-06 19:15:02.469,318,,,,,,
2025-10-06 19:15:02.575,319,,,,179.02294458848175,,
2025-10-06 19:15:02.640,320,,,,178.8089556679489,,
2025-10-06 19:15:02.704,321,,,,174.3145090591695,,
2025-10-06 19:15:02.769,322,,,,175.71951307642593,,
2025-10-06 19:15:02.831,323,,,,174.83530464744862,,
2025-10-06 19:15:02.897,324,,,,,,
2025-10-06 19:15:02.962,325,,,,,,
2025-10-06 19:15:03.025,326,,,,,,
2025-10-06 19:15:03.091,327,,,,,,
2025-10-06 19:15:03.200,328,,,,,,
2025-10-06 19:15:03.263,329,,,,,,
2025-10-06 19:15:03.323,330,,,,,,
2025-10-06 19:15:03.376,331,,,,,,
2025-10-06 19:15:03.431,332,,,,,,
2025-10-06 19:15:03.483,333,,,,,,
2025-10-06 19:15:03.536,334,,,,,,
2025-10-06 19:15:03.589,335,,,,,,
2025-10-06 19:15:03.643,336,,,,,,
2025-10-06 19:15:03.698,337,,,,,,
2025-10-06 19:15:03.751,338,,,,,,
2025-10-06 19:15:03.806,339,,,,,,
2025-10-06 19:15:03.859,340,,,,,,
2025-10-06 19:15:03.914,341,,,,,,
2025-10-06 19:15:03.969,342,,,,,,
2025-10-06 19:15:04.022,343,,,,,,
2025-10-06 19:15:04.075,344,,,,,,
2025-10-06 19:15:04.128,345,,,,,,
2025-10-06 19:15:04.181,346,,,,,,
2025-10-06 19:15:04.262,347,,,,,,
2025-10-06 19:15:04.316,348,,,,,,
2025-10-06 19:15:04.369,349,,,,,,
2025-10-06 19:15:04.420,350,,,,,,
2025-10-06 19:15:04.529,351,,,,,,
2025-10-06 19:15:04.592,352,,,,,,
2025-10-06 19:15:04.654,353,,,,,,
2025-10-06 19:15:04.718,354,,,,,,
2025-10-06 19:15:04.779,355,,,,,,
2025-10-06 19:15:04.889,356,,,,,,
2025-10-06 19:15:04.951,357,,,,,,
2025-10-06 19:15:05.013,358,,,,,,
2025-10-06 19:15:05.075,359,,,,,,
2025-10-06 19:15:05.139,360,,,,,,
2025-10-06 19:15:05.203,361,,,,,,
2025-10-06 19:15:05.265,362,,,,,,
2025-10-06 19:15:05.326,363,,,,,,
2025-10-06 19:15:05.380,364,,,,,,
2025-10-06 19:15:05.435,365,,,,,,
2025-10-06 19:15:05.502,366,,,,,,
2025-10-06 19:15:05.558,367,,,,,,
2025-10-06 19:15:05.612,368,,,,,,
2025-10-06 19:15:05.667,369,,,,,,
2025-10-06 19:15:05.719,370,,,,,,
2025-10-06 19:15:05.773,371,,,,,,
2025-10-06 19:15:05.828,372,,,,,,
2025-10-06 19:15:05.881,373,,,,,,
2025-10-06 19:15:05.937,374,,,,,,
2025-10-06 19:15:05.994,375,,,,,,
2025-10-06 19:15:06.047,376,,,,,,
2025-10-06 19:15:06.100,377,,,,,,
2025-10-06 19:15:06.153,378,,,,,,
2025-10-06 19:15:06.259,379,,,,,,
2025-10-06 19:15:06.366,380,,,,,,
2025-10-06 19:15:06.428,381,,,,,,
2025-10-06 19:15:06.488,382,,,,,,
2025-10-06 19:15:06.595,383,,,,,,
2025-10-06 19:15:06.706,384,,,,,,
2025-10-06 19:15:06.815,385,,,,,,
2025-10-06 19:15:06.925,386,,,,,,
2025-10-06 19:15:06.988,387,,,,,,
2025-10-06 19:15:07.049,388,,,,,,
2025-10-06 19:15:07.114,389,,,,,,
2025-10-06 19:15:07.175,390,,,,,,
2025-10-06 19:15:07.236,391,,,,,,
2025-10-06 19:15:07.299,392,,,,,,
2025-10-06 19:15:07.362,393,,,,,,
2025-10-06 19:15:07.422,394,,,,,,
2025-10-06 19:15:07.531,395,,,,170.86710583197657,,
2025-10-06 19:15:07.591,396,,,,166.7142912907053,,
2025-10-06 19:15:07.653,397,,,,,,
2025-10-06 19:15:07.761,398,,,,162.8033948716469,,
2025-10-06 19:15:07.825,399,,,,159.47263131707976,,
2025-10-06 19:15:07.887,400,,,,,,
2025-10-06 19:15:07.994,401,,,,151.99526109931244,,
2025-10-06 19:15:08.055,402,,,,163.02544926389808,,
2025-10-06 19:15:08.116,403,,,,,,
2025-10-06 19:15:08.227,404,,,,149.98868905260198,,
2025-10-06 19:15:08.289,405,,,,,,
2025-10-06 19:15:08.398,406,,,,163.71428379852335,,
2025-10-06 19:15:08.460,407,,,,160.62841884896855,,
2025-10-06 19:15:08.522,408,,,,174.67050147796206,,
2025-10-06 19:15:08.582,409,,,,,,
2025-10-06 19:15:08.692,410,,,,,,
2025-10-06 19:15:08.804,411,,,,172.49020797112848,174.57175902572615,172.77568417964153
2025-10-06 19:15:08.866,412,,,,170.4163373668424,,
2025-10-06 19:15:08.928,413,,,,,,
2025-10-06 19:15:09.038,414,132.1334672147641,,,178.84099442964148,170.3919953283265,167.15229505534182
2025-10-06 19:15:09.099,415,,,,,,
2025-10-06 19:15:09.211,416,,,,171.5935362665247,178.59767154501517,165.7499672327804
2025-10-06 19:15:09.271,417,,,,,,
2025-10-06 19:15:09.383,418,,,,,,
2025-10-06 19:15:09.499,419,,,,159.73595797607265,177.96709838070234,158.96248893179677
2025-10-06 19:15:09.571,420,,,,160.7794758516712,175.96013595486298,158.83874013864488
2025-10-06 19:15:09.632,421,121.36019785109269,174.20118721283401,128.418055320268,172.1782454860916,63.83435076982366,65.13630343999966
2025-10-06 19:15:09.710,422,,,,,,
2025-10-06 19:15:09.819,423,,,,,,
2025-10-06 19:15:09.930,424,110.24085880323324,123.25937553409707,172.4505781284655,143.52614980385306,152.79718922148254,165.0183673693478
2025-10-06 19:15:09.991,425,,,,,,
2025-10-06 19:15:10.101,426,,,,,,
2025-10-06 19:15:10.208,427,,,,,,
2025-10-06 19:15:10.317,428,144.26321976986856,162.9260339063674,165.06858276650127,166.07252860427155,178.94467004535701,159.25391968145206
2025-10-06 19:15:10.381,429,,,,,,
2025-10-06 19:15:10.493,430,,,,156.90481415251884,151.02540928072986,164.05460404899418
2025-10-06 19:15:10.569,431,,,,161.04663835617967,167.0263544680164,175.97173610489793
2025-10-06 19:15:10.631,432,,,,160.58705109440058,,
2025-10-06 19:15:10.696,433,,,,165.90405211300975,,
2025-10-06 19:15:10.759,434,,,,178.55708634847545,,
2025-10-06 19:15:10.820,435,,,,177.91488326636727,,
2025-10-06 19:15:10.881,436,,,,172.62382283787525,,
2025-10-06 19:15:10.946,437,,,,172.69493918271112,,
2025-10-06 19:15:11.010,438,,,,173.93766542047706,,
2025-10-06 19:15:11.073,439,,,,,,
2025-10-06 19:15:11.142,440,,,,,,
2025-10-06 19:15:11.204,441,,,,,,
2025-10-06 19:15:11.266,442,,,,,,
2025-10-06 19:15:11.329,443,,,,,,
2025-10-06 19:15:11.440,444,,,,,,
2025-10-06 19:15:11.547,445,,,,,,
2025-10-06 19:15:11.655,446,,,,,,
2025-10-06 19:15:11.762,447,,,,,,
2025-10-06 19:15:11.872,448,,,,,,
2025-10-06 19:15:11.982,449,,,,,,
2025-10-06 19:15:12.089,450,,,,,,
2025-10-06 19:15:12.197,451,,,,,,
2025-10-06 19:15:12.253,452,,,,,,
2025-10-06 19:15:12.362,453,,,,,,
2025-10-06 19:15:12.416,454,,,,,,
2025-10-06 19:15:12.470,455,,,,,,
2025-10-06 19:15:12.523,456,,,,,,
2025-10-06 19:15:12.577,457,,,,,,
2025-10-06 19:15:12.630,458,,,,,,
2025-10-06 19:15:12.685,459,,,,,,
2025-10-06 19:15:12.738,460,,,,,,
2025-10-06 19:15:12.791,461,,,,,,
2025-10-06 19:15:12.844,462,,,,,,
2025-10-06 19:15:12.900,463,,,,,,
2025-10-06 19:15:12.953,464,,,,,,
2025-10-06 19:15:13.007,465,,,,,,
2025-10-06 19:15:13.118,466,,,,47.63872512945181,,
2025-10-06 19:15:13.184,467,,,,48.07713478087206,,
2025-10-06 19:15:13.246,468,,,,48.425903354004596,,
2025-10-06 19:15:13.309,469,,,,72.16804202795421,,
2025-10-06 19:15:13.372,470,,,,130.00620581517833,,
2025-10-06 19:15:13.437,471,,,,117.17414418439222,,
2025-10-06 19:15:13.501,472,,,,169.4534141847516,,
2025-10-06 19:15:13.564,473,,,,101.4648006818878,,
2025-10-06 19:15:13.627,474,112.82122664271658,,,150.52481440166747,,
2025-10-06 19:15:13.688,475,,,,,,
2025-10-06 19:15:13.796,476,,,,,,
2025-10-06 19:15:13.848,477,,,,,,
2025-10-06 19:15:13.957,478,,,,176.2268725220495,,
2025-10-06 19:15:14.018,479,,,,172.3710140641784,,
2025-10-06 19:15:14.093,480,,,,,,
2025-10-06 19:15:14.201,481,,,,171.3705428713571,,
2025-10-06 19:15:14.263,482,,,,170.1090698274659,,
2025-10-06 19:15:14.327,483,,,,169.40266483612186,,
2025-10-06 19:15:14.389,484,,,,168.97654401805667,,
2025-10-06 19:15:14.458,485,,,,170.39063813611804,,
2025-10-06 19:15:14.520,486,,,,170.67492424326545,,
2025-10-06 19:15:14.582,487,,,,171.29759589665352,,
2025-10-06 19:15:14.647,488,,,,174.02532790154896,,
2025-10-06 19:15:14.710,489,,,,,,
2025-10-06 19:15:14.817,490,,,,,,
2025-10-06 19:15:14.871,491,,,,,,
2025-10-06 19:15:14.924,492,,,,,,
2025-10-06 19:15:14.977,493,,,,,,
2025-10-06 19:15:15.029,494,,,,,,
2025-10-06 19:15:15.083,495,,,,,,
2025-10-06 19:15:15.137,496,,,,,,
2025-10-06 19:15:15.189,497,,,,,,
2025-10-06 19:15:15.243,498,,,,,,
2025-10-06 19:15:15.296,499,,,,,,
2025-10-06 19:15:15.349,500,,,,,,
2025-10-06 19:15:15.402,501,,,,,,
2025-10-06 19:15:15.509,502,,,,177.97366160575746,,
2025-10-06 19:15:15.571,503,,,,,,
2025-10-06 19:15:15.631,504,,,,,,
2025-10-06 19:15:15.693,505,,,,,,
2025-10-06 19:15:15.753,506,,,,,,
2025-10-06 19:15:15.819,507,,,,,,
2025-10-06 19:15:15.881,508,,,,,,
2025-10-06 19:15:15.943,509,,,,,,
2025-10-06 19:15:16.014,510,,,,,,
2025-10-06 19:15:16.079,511,,,,,,
2025-10-06 19:15:16.152,512,,,,,,
2025-10-06 19:15:16.215,513,,,,,,
2025-10-06 19:15:16.276,514,,,,,,
2025-10-06 19:15:16.338,515,,,,,,
2025-10-06 19:15:16.402,516,,,,,,
2025-10-06 19:15:16.465,517,,,,,,
2025-10-06 19:15:16.528,518,,,,,,
2025-10-06 19:15:16.589,519,,,,,,
2025-10-06 19:15:16.652,520,,,,,,
2025-10-06 19:15:16.721,521,,,,,,
2025-10-06 19:15:16.782,522,,,,,,
2025-10-06 19:15:16.842,523,,,,,,
2025-10-06 19:15:16.905,524,,,,,,
2025-10-06 19:15:16.967,525,,,,,,
2025-10-06 19:15:17.029,526,,,,,,
2025-10-06 19:15:17.091,527,,,,,,
2025-10-06 19:15:17.153,528,,,,,,
2025-10-06 19:15:17.216,529,,,,,,
2025-10-06 19:15:17.281,530,,,,,,
2025-10-06 19:15:17.344,531,,,,,,
2025-10-06 19:15:17.406,532,,,,,,
2025-10-06 19:15:17.468,533,,,,,,
2025-10-06 19:15:17.531,534,,,,,,
2025-10-06 19:15:17.593,535,,,,,,
2025-10-06 19:15:17.653,536,,,,,,
2025-10-06 19:15:17.717,537,,,,,,
2025-10-06 19:15:17.778,538,,,,,,
2025-10-06 19:15:17.844,539,,,,,,
2025-10-06 19:15:17.908,540,,,,,,
2025-10-06 19:15:18.014,541,,,,,,
2025-10-06 19:15:18.067,542,,,,,,
2025-10-06 19:15:18.120,543,,,,,,
2025-10-06 19:15:18.175,544,,,,,,
2025-10-06 19:15:18.228,545,,,,,,
2025-10-06 19:15:18.285,546,,,,,,
2025-10-06 19:15:18.338,547,,,,,,
2025-10-06 19:15:18.392,548,,,,,,
2025-10-06 19:15:18.446,549,,,,,,
2025-10-06 19:15:18.499,550,,,,,,
2025-10-06 19:15:18.621,551,,,,,,
2025-10-06 19:15:18.729,552,,,,,,
2025-10-06 19:15:18.837,553,,,,,,
2025-10-06 19:15:18.900,554,,,,,,
2025-10-06 19:15:18.962,555,,,,,,
2025-10-06 19:15:19.026,556,,,,,,
2025-10-06 19:15:19.087,557,,,,,,
2025-10-06 19:15:19.150,558,,,,,,
2025-10-06 19:15:19.214,559,,,,,,
2025-10-06 19:15:19.277,560,,,,,,
2025-10-06 19:15:19.339,561,,,,,,
2025-10-06 19:15:19.401,562,,,,,,
2025-10-06 19:15:19.463,563,,,,,,
2025-10-06 19:15:19.525,564,,,,,,
2025-10-06 19:15:19.590,565,,,,,,
2025-10-06 19:15:19.652,566,,,,,,
2025-10-06 19:15:19.713,567,,,,,,
2025-10-06 19:15:19.790,568,,,,,,
2025-10-06 19:15:19.868,569,,,,,,
2025-10-06 19:15:19.931,570,,,,,,
2025-10-06 19:15:19.992,571,,,,,,
2025-10-06 19:15:20.055,572,,,,,,
2025-10-06 19:15:20.117,573,,,,,,
2025-10-06 19:15:20.177,574,,,,,,
2025-10-06 19:15:20.237,575,,,,,,
2025-10-06 19:15:20.299,576,,,,,,
2025-10-06 19:15:20.364,577,,,,,,
2025-10-06 19:15:20.427,578,,,,,,
2025-10-06 19:15:20.489,579,,,,,,
2025-10-06 19:15:20.551,580,,,,,,
2025-10-06 19:15:20.612,581,,,,,,
2025-10-06 19:15:20.674,582,,,,,,
2025-10-06 19:15:20.734,583,,,,,,
2025-10-06 19:15:20.796,584,,,,,,
2025-10-06 19:15:20.864,585,,,,,,
2025-10-06 19:15:20.924,586,,,,,,
2025-10-06 19:15:20.985,587,,,,,,
2025-10-06 19:15:21.047,588,,,,,,
2025-10-06 19:15:21.109,589,,,,,,
2025-10-06 19:15:21.171,590,,,,,,
2025-10-06 19:15:21.236,591,,,,,,
2025-10-06 19:15:21.297,592,,,,,,
2025-10-06 19:15:21.360,593,,,,,,
2025-10-06 19:15:21.423,594,,,,,,
2025-10-06 19:15:21.487,595,,,,,,
2025-10-06 19:15:21.551,596,,,,,,
2025-10-06 19:15:21.612,597,,,,,,
2025-10-06 19:15:21.675,598,,,,,,
2025-10-06 19:15:21.740,599,,,,,,
2025-10-06 19:15:21.808,600,,,,,,
2025-10-06 19:15:21.871,601,,,,,,
2025-10-06 19:15:21.983,602,,,,,,
2025-10-06 19:15:22.044,603,,,,,,
2025-10-06 19:15:22.157,604,,,,,,
2025-10-06 19:15:22.265,605,173.79235710273866,,,,,
2025-10-06 19:15:22.327,606,176.0343534051089,,,,,
2025-10-06 19:15:22.389,607,176.44488447586318,,,167.31717173061776,,
2025-10-06 19:15:22.451,608,172.1752633094697,,,167.51453249014764,,
2025-10-06 19:15:22.513,609,170.96741965467695,,,168.05031066231746,,
2025-10-06 19:15:22.577,610,168.9760416374047,,,169.34250073087065,,
2025-10-06 19:15:22.642,611,168.56845287488372,179.79408470297668,163.09484186599667,164.28939524533635,,
2025-10-06 19:15:22.704,612,167.05829469614497,178.79831153259528,162.25532834083688,163.6350818148016,,
2025-10-06 19:15:22.767,613,168.88400586144775,178.8083211921438,164.12882135053496,162.6725118876041,,
2025-10-06 19:15:22.829,614,169.2697786126308,178.47038358305608,163.40189557171416,166.487469345096,173.38653944200104,173.38653937539897
2025-10-06 19:15:22.904,615,166.61787280155266,169.86704791128912,172.01988617917686,165.96053777092078,148.5183828019694,153.43494878875742
2025-10-06 19:15:22.971,616,156.56981462809128,160.87814137230922,174.94275135329536,158.7927728065591,141.8490842035839,154.98310648481393
2025-10-06 19:15:23.034,617,163.86528366874845,171.92260760689734,171.5730309076728,164.35332806960957,141.35641976887337,146.7682889067966
2025-10-06 19:15:23.108,618,175.6519981111336,177.30984735245045,172.4761794802149,,,
2025-10-06 19:15:23.172,619,179.7365958323095,177.61367016724145,174.75817993890817,,,
2025-10-06 19:15:23.234,620,177.3701976949116,179.76138258312534,173.19868508849132,,,
2025-10-06 19:15:23.295,621,174.1768207616277,177.18342783523434,174.39072544987883,,,
2025-10-06 19:15:23.360,622,169.06692250090404,175.12335225967212,178.98602070434654,159.47209097749533,168.20269534766223,174.94275135329536
2025-10-06 19:15:23.425,623,167.63367080672222,173.69356405563875,179.0122390274873,160.46596769718727,170.87172568216806,173.93821111631226
2025-10-06 19:15:23.487,624,165.79030867754548,170.4257720924884,178.55587408721314,162.02727762702196,174.3917205938985,174.90788474867966
2025-10-06 19:15:23.550,625,166.82852093867925,176.69248324592425,177.55295112870215,166.02615066780672,177.01731647713672,176.53177055044668
2025-10-06 19:15:23.615,626,167.6021357715796,177.57984831355864,177.06432636284345,166.3645453414125,176.98201409142644,176.49646816458656
2025-10-06 19:15:23.678,627,170.15613549549798,179.9693082631229,175.56352538740012,166.43275172156365,178.92280392403958,176.49646816458656
2025-10-06 19:15:23.743,628,170.12110506478336,179.93428162336272,175.56352538740012,168.71560090523656,179.2624530840675,176.42366543438857
2025-10-06 19:15:23.812,629,171.8251950180642,178.5517124980819,175.03025915772892,169.18933153693436,178.2612573551789,175.9143830567389
2025-10-06 19:15:23.877,630,173.8351581942061,177.29254552494064,175.0728899381829,169.7632067254579,179.33525578106193,176.49646816458656
2025-10-06 19:15:23.942,631,175.44441218438195,176.3088618448174,174.98688613081097,171.7369019729697,179.75368919405247,176.49646816458656
2025-10-06 19:15:24.007,632,175.05349615341996,177.69936424522626,175.95041815384675,173.2345136751509,179.78032939757355,176.49646816458656
2025-10-06 19:15:24.069,633,176.56632087050156,176.32090873196515,175.44623189391928,174.4578113629101,179.8702391628021,176.53177055044668
2025-10-06 19:15:24.137,634,177.04907366470147,175.79858715218035,175.36453644618993,176.20857190330818,178.66162557036955,177.0492206621144
2025-10-06 19:15:24.214,635,175.87085596879956,176.64706359028904,175.36453644618993,176.9523016867066,178.29556121684976,177.01853855114493
2025-10-06 19:15:24.292,636,176.05070998334816,177.66023224853456,175.95041815384675,176.78768732667814,179.32046341297684,176.4604406408283
2025-10-06 19:15:24.357,637,175.5325702464943,178.08732903753932,175.95041815384675,175.82480234759433,179.75180147242875,176.49646816458656
2025-10-06 19:15:24.424,638,175.52099760079943,177.60710784990678,175.48601141506967,176.10276673410368,179.81824439602866,176.4604406408283
2025-10-06 19:15:24.486,639,177.2068603710029,177.57617060936772,175.48601141506967,175.15375989820188,179.2393763578818,175.9555142625242
2025-10-06 19:15:24.548,640,179.6018571168961,178.45008130909045,175.525103366818,175.4387538234974,179.61706801381416,176.60028565022685
2025-10-06 19:15:24.611,641,178.78661341908938,177.59900687775757,175.0728899381829,173.41377462957752,178.99978706280814,176.63353914591374
2025-10-06 19:15:24.674,642,179.0967565965157,177.99371316476496,175.48601141506967,171.7276909441071,179.64764252597422,177.75425714784586
2025-10-06 19:15:24.738,643,176.49298201134857,177.75152773469108,175.2798629420643,168.55279675496388,179.96278779230178,177.7093896711113
2025-10-06 19:15:24.801,644,175.83560905417062,177.6815988635539,175.19204591009358,166.67203311814183,179.990480625104,177.66269385463542
2025-10-06 19:15:24.864,645,174.82012355012807,177.80990427001973,175.14690348614008,171.73429689018673,177.67378362115608,176.95522132694626
2025-10-06 19:15:24.926,646,174.37050723539957,178.9039887860562,175.72415874453014,,,
2025-10-06 19:15:24.989,647,175.2885896341738,178.3017463349802,175.14690348614008,176.27830475761976,176.55127799386995,176.38611905739026
2025-10-06 19:15:25.052,648,176.41137576190656,177.84353013884865,174.55966785491904,177.1028268620683,179.5826710655069,173.79655198438758
2025-10-06 19:15:25.116,649,176.74277801632306,177.71190451932927,174.45468257708265,178.20609428703716,179.18936772404788,172.56859193413666
2025-10-06 19:15:25.180,650,179.6897111865789,177.22200384334582,173.99099392854353,172.51184028026526,157.54717765416657,158.55226364057455
2025-10-06 19:15:25.243,651,178.53903369842797,177.68196094255327,174.16050756181937,170.67813844983175,150.91096977886167,153.74975760176284
2025-10-06 19:15:25.307,652,178.19321852299868,176.8889386683013,173.36748527103686,170.78976990400847,150.09489074214446,152.50086124220422
2025-10-06 19:15:25.371,653,176.98481968491038,175.48574260148075,171.96428919490984,171.0289988345811,175.35315422223178,176.28471066586994
2025-10-06 19:15:25.436,654,177.1783808299612,176.04217964499588,172.1709233867373,165.3989835958445,178.75763542452972,173.04704241807724
2025-10-06 19:15:25.500,655,177.8955100345356,177.3469052397941,173.04704241807724,165.53355738917102,179.58053518891185,173.95590771114266
2025-10-06 19:15:25.566,656,177.78354982859605,177.51138869077704,173.58121314323543,167.1753301406463,176.56361917274256,171.68972274525402
2025-10-06 19:15:25.632,657,176.92809359845242,175.98439118191718,172.9716036346832,167.15042011955447,176.68629384378818,172.32103609799466
2025-10-06 19:15:25.693,658,177.43675946205371,178.04408447244194,174.5226311082164,167.63144646563595,175.9867036635119,172.05652809483288
2025-10-06 19:15:25.756,659,176.5021482589194,176.06545102410843,174.2894066996106,167.43894384206382,178.45653556510482,174.85211506173425
2025-10-06 19:15:25.818,660,176.03799179291386,177.04399435617896,175.7321064711616,167.51466560228656,178.06485684352668,174.48852248028678
2025-10-06 19:15:25.882,661,175.33779438140536,177.35322324893372,176.47854633713987,167.4171202411801,178.21526315066995,174.19327299946545
2025-10-06 19:15:25.945,662,175.48023776971712,177.83480148992956,177.39743741592244,169.61532266702437,175.80504020898638,173.5504652085682
2025-10-06 19:15:26.010,663,174.15463841303009,176.5479941835222,177.43622940694547,170.14991386288384,177.718378235433,175.91438307714967
2025-10-06 19:15:26.072,664,173.68536053525483,175.3013194033905,176.63353905058565,170.48411245725663,178.3506787309119,176.54668358606398
2025-10-06 19:15:26.134,665,173.65365285713943,176.2827755065179,177.64670275224216,171.37872712266423,177.23488084218098,176.32550031580453
2025-10-06 19:15:26.196,666,173.6388361334055,177.11928248454296,178.472473985033,170.87570205349533,178.18150331248808,176.84928339603502
2025-10-06 19:15:26.257,667,174.3900717476763,178.35097775217537,179.24615052111375,170.95588771907367,178.15238960674776,176.8201696894438
2025-10-06 19:15:26.320,668,173.26930962454585,177.67510680163937,178.5497831362926,170.59062514572352,178.6985886441135,176.92254437172303
2025-10-06 19:15:26.386,669,170.7185018099258,177.38615943610293,178.69804675461094,171.24289832521666,179.39009978893628,177.61405568338057
2025-10-06 19:15:26.450,670,171.55680905627275,178.26399653258463,178.69804675461094,171.9612281527267,178.9745816743081,177.66269385463542
2025-10-06 19:15:26.517,671,174.14382247117763,179.83923874275803,177.68627721593052,172.3709323885166,179.05402085963104,177.7320451778395
2025-10-06 19:15:26.580,672,174.21727768792636,178.401853776672,176.66614914780064,173.69539989502027,177.74009863012458,177.29937043367602
2025-10-06 19:15:26.643,673,172.1668182771179,177.52569812323375,175.05403332604592,172.87761742309732,178.51732591821084,176.8201696894438
2025-10-06 19:15:26.714,674,173.05071775378437,176.47675285116017,173.4180552499584,172.70636331821058,177.55033728813692,175.36453644618993
2025-10-06 19:15:26.776,675,172.6023109526548,175.20870190426757,172.5457011060922,173.06881348070863,177.1174902224517,174.8978346335043
2025-10-06 19:15:26.840,676,170.90475984530394,176.21503458713093,172.74680530607844,172.0515382702514,179.97290452018666,176.93351430816156
2025-10-06 19:15:26.906,677,168.31395182582798,176.04936149305237,173.05901649000612,169.65966949385898,172.67964125201908,177.19362951930353
2025-10-06 19:15:26.975,678,169.17442540480553,175.40680555592297,172.43857149660292,170.34954175476832,168.07205877994517,173.44305338799458
2025-10-06 19:15:27.037,679,172.1704315845094,178.75237608725817,172.8749835698791,141.93425110756505,144.9251213319685,174.12260731193598
2025-10-06 19:15:27.100,680,172.84322943693817,179.26246419618116,173.05901649000612,121.58147684266906,126.96857938956708,174.6948903060198
2025-10-06 19:15:27.163,681,173.82569212967343,179.22989340212956,172.5685919530748,118.41914228909978,124.42402403106553,174.61845286010922
2025-10-06 19:15:27.228,682,173.84072810892442,179.40934242727417,171.86989757494408,121.162426350291,123.33886896574435,174.16521092173159
2025-10-06 19:15:27.293,683,174.8096281691673,179.80592563329876,171.21470121549942,135.67766040408213,139.2874760341604,174.9941673519201
2025-10-06 19:15:27.362,684,174.93470117873693,179.72740981501073,171.21470121549942,118.06543947654914,119.49588473011801,175.80581710771398
2025-10-06 19:15:27.428,685,173.4910435365617,179.59646211002203,171.21470121549942,122.90228357535182,122.5005916928685,175.97173621920635
2025-10-06 19:15:27.500,686,173.68057195847297,179.86555411979373,171.29262966184967,118.3223898673482,120.42141579883929,176.13453871581743
2025-10-06 19:15:27.565,687,173.45961414921487,179.92943114147414,171.21470121549942,122.12767155558367,124.84573340943992,176.18592505137195
2025-10-06 19:15:27.627,688,173.04902628215348,179.0725772936346,170.70669133777648,137.16561523455516,140.79279647593688,177.66269395004917
2025-10-06 19:15:27.690,689,173.33568194865728,179.27548080300951,170.6229392428843,142.87851061689517,146.69637309898928,178.02506576007104
2025-10-06 19:15:27.753,690,172.65895767387698,179.27548080300951,170.6229392428843,146.41979958106313,149.82018550236762,178.43064490887963
2025-10-06 19:15:27.817,691,171.47022456840432,179.1764519251157,171.21470121549942,157.68414390636192,161.9888071572568,179.18734783284592
2025-10-06 19:15:27.881,692,170.92715648336375,178.9434061705499,171.1041429674405,162.90655268529747,168.41900456972508,179.60486181160644
2025-10-06 19:15:27.945,693,170.4073444110576,178.81093274108233,171.02737332222065,165.00000372980804,170.79329437454797,178.83086029020032
2025-10-06 19:15:28.010,694,170.78199330329855,177.55959363350854,169.9089427073878,168.22469163260223,177.9746669837411,175.2363582141107
2025-10-06 19:15:28.073,695,170.55638071693807,175.31576205137895,169.2157020855342,172.57936226915905,175.38948356105666,172.76307790298281
2025-10-06 19:15:28.134,696,171.10994820424983,174.5463487917689,169.04593730972513,173.15336784299657,174.45448949359735,170.9097230226015
2025-10-06 19:15:28.196,697,,,,,,
2025-10-06 19:15:28.304,698,167.98022330689528,165.37204762522492,176.18592497514672,171.68540378384756,145.93508745761906,162.99205300244654
2025-10-06 19:15:28.371,699,,,,,,
2025-10-06 19:15:28.480,700,177.5363673110206,161.01072754566152,171.21470121549942,173.22252241808644,145.46665214376398,164.29136213012805
2025-10-06 19:15:28.542,701,178.77614638931226,162.1392086595244,170.80334404183077,171.74478011071866,150.06503860442194,167.9052428696317
2025-10-06 19:15:28.603,702,,,,,,
2025-10-06 19:15:28.656,703,,,,,,
2025-10-06 19:15:28.710,704,,,,,,
2025-10-06 19:15:28.766,705,,,,,,
2025-10-06 19:15:28.819,706,,,,,,
2025-10-06 19:15:28.871,707,,,,,,
2025-10-06 19:15:28.924,708,,,,,,
2025-10-06 19:15:28.978,709,,,,,,
2025-10-06 19:15:29.031,710,,,,,,
2025-10-06 19:15:29.143,711,137.4468332988971,178.2623460226382,175.97173610489793,139.43522588605427,178.06719177622108,175.1792337587841
2025-10-06 19:15:29.206,712,123.4634538808483,158.80772674204732,177.22978382127454,146.35098262649183,170.75388717364908,172.8749835373916
2025-10-06 19:15:29.272,713,98.06791126744119,128.7390463111942,176.47854633713987,135.93111136841515,171.75029389154656,179.24615052111375
2025-10-06 19:15:29.333,714,123.86800412426791,160.0075433439127,170.2475749556775,122.64844083674907,150.8815403950245,176.227716200048
2025-10-06 19:15:29.396,715,136.6596552295815,167.72645533575036,172.9834981131104,5.794866350434636,161.94511706222792,10.684912512607431
2025-10-06 19:15:29.458,716,147.5192536111577,175.01011168485203,171.99527101662375,144.1178627337169,169.21570199448675,169.21570203863098
2025-10-06 19:15:29.520,717,171.88600543971268,161.9454474506171,169.54009081316482,148.6113611752538,173.88449606136348,179.99839539722134
2025-10-06 19:15:29.586,718,175.200885818851,153.65616690962932,166.18497458455397,81.97759636161682,12.528808874388917,147.5288076400969
2025-10-06 19:15:29.662,719,175.08753679468515,158.91446817081925,171.06940979666973,160.87704915911596,161.69475262174853,177.33699866159404
2025-10-06 19:15:29.724,720,170.2458048360448,162.30534867072367,167.63750751432664,153.103850810962,170.89090692348455,177.8252555036931
2025-10-06 19:15:29.786,721,178.88262921967197,154.44003480792207,168.1113418902886,163.13994671983463,162.98355589250025,177.9786346779099
2025-10-06 19:15:29.850,722,177.362340803844,150.41724552841907,167.90524284828933,168.15417302293986,160.18482396449087,177.79740145654472
2025-10-06 19:15:29.916,723,179.53419028763267,157.07913768356724,170.07375441272248,161.29145244770555,165.67652294881566,178.5121318984078
2025-10-06 19:15:29.981,724,179.16056110822726,159.16091510517256,171.68972274525402,152.287195502859,179.3653286418464,175.6012944545812
2025-10-06 19:15:30.045,725,169.9742200736063,168.73422365103326,171.59662882223813,146.8530041584901,173.73650930753962,173.73650925910155
2025-10-06 19:15:30.108,726,167.86003502298422,167.618626241773,171.15818535892987,158.04474719597098,166.44345381642833,175.45195742768772
2025-10-06 19:15:30.172,727,168.16938973788396,167.1060528323963,170.43990344848862,157.25545270455137,165.36995070391754,173.58915986589247
2025-10-06 19:15:30.249,728,170.61011887700184,166.87675937514447,170.72739815211577,161.80953029620215,168.00657733799255,177.9786346779099
2025-10-06 19:15:30.313,729,170.611483147208,169.60679114866943,171.63411380038588,156.84189245592881,172.2080566713435,177.45519533399028
2025-10-06 19:15:30.378,730,170.83317315051917,170.20164328766373,171.79278351246987,153.10344366032234,178.09484124822248,179.42706015645877
2025-10-06 19:15:30.440,731,169.56225285422292,171.16329896278336,171.71420290044932,153.74233898180603,174.99000926405134,177.137594544991
2025-10-06 19:15:30.503,732,167.70171842172655,171.33939629633394,171.86989757021738,152.96417850161527,175.0725332712634,177.19362951930353
2025-10-06 19:15:30.566,733,169.5109789388664,171.79268551534423,172.3331956570664,151.36747074420825,175.06059709011555,175.78582131400634
2025-10-06 19:15:30.628,734,169.3236442935372,171.33586453252184,171.33586449608947,154.8470989489381,173.14964510967417,175.47117562027523
2025-10-06 19:15:30.703,735,170.05677965014243,172.26147151883654,171.17025526131994,156.29781206648127,176.08698984954896,179.24615052111375
2025-10-06 19:15:30.766,736,169.1546091002947,175.3226717681201,171.71420290044932,152.3883765955156,178.01699963779217,178.56790324305683
2025-10-06 19:15:30.831,737,169.90700944910304,172.73248020976345,171.17025526131994,151.601044910276,178.43936457580187,179.29267948562853
2025-10-06 19:15:30.894,738,172.5003589522048,172.09990267253036,170.53767772548468,147.2831054366521,167.92725613034432,175.12072605388423
2025-10-06 19:15:30.957,739,175.3035279578052,173.03066964515295,172.51911373307925,150.17367485663416,175.91438314402754,179.99881807812054
2025-10-06 19:15:31.022,740,178.73721977797933,172.08821147818043,173.59564717009184,149.7962260266772,177.18844468660856,177.7093896711113
2025-10-06 19:15:31.085,741,176.0503321484842,169.19775357514024,174.85723531530434,149.48198100652058,178.6626906425161,171.79278351246987
2025-10-06 19:15:31.148,742,173.11645865417253,166.67991645716583,175.42607859731584,151.74972013488386,178.7247518073081,173.00807456584033
2025-10-06 19:15:31.213,743,178.05581455258175,171.97378526611692,177.7320451778395,158.18887770838103,178.5463524737695,170.8886428886597
2025-10-06 19:15:31.278,744,174.65678293617538,172.54469050978238,178.9390877368761,164.2347977850606,172.7469631147297,169.78602695854173
2025-10-06 19:15:31.340,745,171.54822972923387,171.02737335652046,179.99890741221805,169.5511616760935,170.87005545683803,170.37184381205148
2025-10-06 19:15:31.403,746,169.62576718745763,171.20927303816697,179.4974171874084,164.69187584024988,174.38140409925774,172.37185025570096
2025-10-06 19:15:31.466,747,173.03821901535483,171.5455618104879,178.976969238466,164.9586705121888,175.34560410975564,174.34051805617113
2025-10-06 19:15:31.530,748,167.4372028083084,168.19795370720294,177.8983453860425,162.26570044955335,177.99537799203821,175.98582416170086
2025-10-06 19:15:31.604,749,170.1158508092186,168.7674229120269,177.83892022549838,164.93151182639411,176.987212410673,176.98721230509466
2025-10-06 19:15:31.670,750,172.58713098309047,172.4343634822267,179.44374662705897,163.4374310138158,178.51048792578837,178.00790614072773
2025-10-06 19:15:31.734,751,169.52092048006475,171.24096377531134,179.44909487491944,165.1960198308232,177.53188198747722,177.53188185720094
2025-10-06 19:15:31.797,752,170.46131195600333,172.7194743936048,178.8875998108523,163.6960299069628,179.03904445150454,178.02506570280914
2025-10-06 19:15:31.862,753,172.46210362043638,174.35678821804873,178.85423658898162,162.85383836590307,179.47670667561897,178.53119890376763
2025-10-06 19:15:31.925,754,172.92054887520624,174.79422983596257,178.86557779617746,163.1263767127985,179.47670667561897,178.53119890376763
2025-10-06 19:15:31.988,755,173.23745937320578,175.2778420801306,178.3316621698969,164.51963098909462,178.05766273303882,179.50178724151445
2025-10-06 19:15:32.050,756,169.518938066073,174.12371458710058,178.28164161654445,160.6092200622516,176.60655232345732,179.49296979321548
2025-10-06 19:15:32.113,757,168.906635888616,169.35078031541346,179.998859771311,160.38911582079547,175.35709982008603,178.4792299570187
2025-10-06 19:15:32.177,758,170.13126784697977,166.28664311278206,178.86557779617746,164.65623394127314,179.99929215882713,179.99894060038002
2025-10-06 19:15:32.241,759,168.87901508238053,167.00403530633474,178.29864501287025,167.31623606095212,178.54751210219106,179.51853304828722
2025-10-06 19:15:32.305,760,168.36122422334535,167.67053472773023,177.19362951930353,168.04051601067505,178.07481617237792,179.99895392692707
2025-10-06 19:15:32.367,761,158.81154903033624,148.2840999323934,172.28810749999099,168.93176674797377,178.69279491633262,179.47436424767554
2025-10-06 19:15:32.433,762,155.21271963266364,142.31164688689177,168.69006746683962,172.0061358688924,179.62223988697656,177.24751437081238
2025-10-06 19:15:32.495,763,149.41175869882252,140.21761939012148,168.57881366883953,172.31255364609768,175.97278320542947,173.1572264925563
2025-10-06 19:15:32.557,764,148.10255227788477,139.04547570898563,167.40666999064229,173.2243179778438,178.27223213440485,174.05313683205156
2025-10-06 19:15:32.622,765,151.88679111931623,147.46062552814786,174.0256765868869,169.13722031161637,174.34684296832947,172.40535653675323
2025-10-06 19:15:32.687,766,151.1849222529838,145.99417810842215,172.35959313572388,168.22726343939487,175.09190437687218,173.65980814019935
2025-10-06 19:15:32.749,767,154.9630788810568,155.68713517495243,178.6360718956018,165.76750665752158,169.94361838656232,170.43331393495365
2025-10-06 19:15:32.811,768,154.37382247261507,151.5725933063841,174.47245965824607,165.29551864899884,169.50944508251703,172.37185025570096
2025-10-06 19:15:32.874,769,153.5020102558003,160.8327356510484,176.5834115222589,168.4672885262723,175.66872918202043,176.60028565022685
2025-10-06 19:15:32.938,770,154.8042081611038,157.63690219103322,178.24659475813561,167.89934570466866,175.28447725856665,177.19362951930353
2025-10-06 19:15:33.001,771,154.56719983011325,160.3401449217041,178.8875998108523,168.83708225295595,179.0815088000964,179.47436424767554
2025-10-06 19:15:33.065,772,158.55415234034467,160.79136918896182,179.590750246081,172.31663601113027,178.8292561686777,178.89829331194167
2025-10-06 19:15:33.129,773,179.5020253856925,176.31986554289008,178.50566602689148,173.14892445406517,179.33181229877638,178.95837275112703
2025-10-06 19:15:33.192,774,178.63067657945265,175.58481924794097,179.05304798034683,173.11618853277133,178.7755493658142,179.50178724151445
2025-10-06 19:15:33.253,775,176.5456671356686,,,172.39837602868508,,
2025-10-06 19:15:33.324,776,173.69637222345818,,,173.45007009837278,,
2025-10-06 19:15:33.385,777,171.42464255750386,,,172.59833236047692,,
2025-10-06 19:15:33.447,778,171.37613902459293,,,177.52203981092254,,
2025-10-06 19:15:33.510,779,,,,,,
2025-10-06 19:15:33.572,780,,,,,,
2025-10-06 19:15:33.636,781,,,,,,
2025-10-06 19:15:33.698,782,,,,,,
2025-10-06 19:15:33.763,783,,,,,,
2025-10-06 19:15:33.824,784,,,,,,
2025-10-06 19:15:33.886,785,,,,,,
2025-10-06 19:15:33.948,786,,,,,,
2025-10-06 19:15:34.010,787,,,,,,
2025-10-06 19:15:34.071,788,,,,,,
2025-10-06 19:15:34.133,789,,,,,,
2025-10-06 19:15:34.196,790,,,,167.22443483442873,,
2025-10-06 19:15:34.259,791,170.21828787230928,,,168.8930033052321,,
2025-10-06 19:15:34.321,792,168.06529302840434,,,168.75449713090285,,
2025-10-06 19:15:34.382,793,168.1216312261717,,,169.21999719714762,,
2025-10-06 19:15:34.446,794,166.93086223762813,,,168.63179922320043,,
2025-10-06 19:15:34.508,795,167.223207859409,,,169.45870511346456,,
2025-10-06 19:15:34.572,796,167.82024840635927,175.60129455104547,179.99868554483402,169.84114157482242,,
2025-10-06 19:15:34.636,797,166.9571361358669,176.05836582057856,179.27477455511757,170.04151581315207,179.2123250089046,178.6028183999165
2025-10-06 19:15:34.708,798,168.83599300361155,177.8443554530724,178.65211214700236,170.2000208196736,175.7161519308469,176.33221171575485
2025-10-06 19:15:34.772,799,169.97074917073456,179.92912407819878,177.9299689652362,173.93440560278125,177.36072990118814,174.99935523936247
2025-10-06 19:15:34.834,800,173.76412729619295,179.2199124524457,178.5121318984078,174.1217690809794,175.55589376634035,172.30394816442407
2025-10-06 19:15:34.896,801,173.42836230737916,177.87388171289942,178.5497831362926,173.0644207128287,176.80068937607714,172.09283718353956
2025-10-06 19:15:34.958,802,173.709190311416,176.3858081201811,179.30972165630263,174.27374378537746,177.16753040564228,171.19320720261882
2025-10-06 19:15:35.022,803,174.09609757763965,179.48966735672596,175.96228918851097,175.3479306571109,178.10261971249432,171.3136453157841
2025-10-06 19:15:35.102,804,172.02307282819163,179.17755630001452,174.21760753512535,174.8272606460611,176.27674810110935,168.84534018076693
2025-10-06 19:15:35.171,805,171.39501707633485,179.4674254221974,173.3333399826356,175.4497188145809,176.36181328884788,168.2317109931908
2025-10-06 19:15:35.237,806,172.600451067717,179.7465447893825,172.69424035302794,173.6561112682089,177.60775020311965,168.54124757925115
2025-10-06 19:15:35.304,807,171.37615623608846,178.22604803025257,174.21760753512535,175.48441230375224,179.71713618892042,170.4170551895501
2025-10-06 19:15:35.381,808,171.86676977970484,178.7300859814895,174.21760753512535,176.36595457263724,178.66507339471508,171.36286849051928
2025-10-06 19:15:35.446,809,170.1538488036879,178.21963426647451,174.06847293260768,177.63356467986128,177.66092790369,171.8698975427169
2025-10-06 19:15:35.520,810,169.47829943175836,177.99870051432285,174.28940671997185,176.07048379845074,179.46634710892997,171.97276238641464
2025-10-06 19:15:35.586,811,169.97364176260547,178.30624397693816,174.49452199944295,175.39008242633335,179.1674906011694,172.8749835373916
2025-10-06 19:15:35.651,812,170.51572279460677,178.89772837494493,174.42780205347358,175.0171152815815,179.06793783108057,173.50065359383976
2025-10-06 19:15:35.722,813,170.81116389978845,179.56319089156838,174.42780205347358,173.83885952610808,179.10792278559765,174.21760753512535
2025-10-06 19:15:35.789,814,170.416865140542,179.49974055420392,174.42780205347358,174.70756216377143,178.50738707224818,174.21760753512535
2025-10-06 19:15:35.854,815,169.8514010238503,179.89640039686347,174.21760753512535,175.5498928948824,178.50738707224818,174.21760753512535
2025-10-06 19:15:35.917,816,169.37065490616908,179.59133413729492,174.06847293260768,176.79982981130865,176.74494242695772,174.87180879510024
2025-10-06 19:15:35.982,817,168.3313418810345,178.0113106323217,174.93638298390658,176.86941723045575,176.74494242695772,174.87180879510024
2025-10-06 19:15:36.045,818,167.27656052883526,176.33764774258506,174.87180879510024,177.05566613225906,179.19871211902569,172.50414224665792
2025-10-06 19:15:36.109,819,168.20584814119357,175.46829786660257,174.87180879510024,176.0167952829894,179.49851712290712,171.02737329077925
2025-10-06 19:15:36.174,820,168.24914197848796,174.3711821849439,175.65675985787317,175.95674223516025,178.8542367667605,170.2933475037749
2025-10-06 19:15:36.237,821,168.6833106635102,172.62227167332057,176.42366539626582,174.08975000576228,178.54489883413177,170.07375441272248
2025-10-06 19:15:36.310,822,171.06994996122663,173.1328092264966,177.207297348148,171.1570376112604,176.68598328294715,169.6336773214021
2025-10-06 19:15:36.373,823,172.93189350491048,173.87844844193384,177.2408920552329,169.95237602162413,176.1602651772915,169.75591247836476
2025-10-06 19:15:36.437,824,174.54164282971803,175.6635266451835,175.86532843577476,170.64210495506376,178.12212234819685,169.99202012332674
2025-10-06 19:15:36.502,825,173.7450771155564,177.0113080911708,174.42780205347358,172.33202065256137,179.45434169041945,169.99202012332674
2025-10-06 19:15:36.564,826,173.3482628270243,177.0113080911708,174.42780205347358,172.69109835929444,179.0416094133997,169.5792875327671
2025-10-06 19:15:36.636,827,174.93823063679415,179.51761208023515,173.1300075780169,172.48710709442102,179.94720392841134,170.1060792550064
2025-10-06 19:15:36.702,828,174.56957655592598,179.60057704727532,173.04704241807724,171.6986422972485,179.22733244582807,169.5792875327671
2025-10-06 19:15:36.768,829,174.60903826355596,178.91111086474527,173.73650925910155,172.40460854807324,179.7888825684801,170.1060792550064
2025-10-06 19:15:36.832,830,176.91684898211736,178.43115393548513,172.9620591230872,171.44765745620305,179.34763094521884,169.33965163508103
2025-10-06 19:15:36.896,831,176.91684898211736,177.8286880156574,172.35959313572388,171.1697004185027,179.44468740430486,169.33965163508103
2025-10-06 19:15:36.961,832,177.7679608607331,178.4589114139778,173.04704241807724,172.09358025237498,179.88527794563956,169.46081620096027
2025-10-06 19:15:37.024,833,176.74969881753375,178.69868973456778,172.6262335353572,171.07264385541362,179.46879539074976,169.46081620096027
2025-10-06 19:15:37.095,834,177.71980252961833,178.15377356836484,172.6262335353572,170.90199986429846,178.15238953585288,168.690067459882
2025-10-06 19:15:37.161,835,177.7429476605752,178.23858759805125,172.71104757305756,170.774970679052,178.15238953585288,168.690067459882
2025-10-06 19:15:37.225,836,177.71980252961833,178.06697381101895,172.53943377053938,170.48974221786276,178.24435698783424,168.690067459882
2025-10-06 19:15:37.286,837,178.20914361355335,178.51613721839084,173.04704241807724,171.1697004185027,179.32073794659314,169.21570206208258
2025-10-06 19:15:37.349,838,177.605782211454,179.80896358921356,173.73650925910155,171.39617256913257,178.89404091073982,168.690067459882
2025-10-06 19:15:37.414,839,174.4898756899593,173.63035525362542,177.207297348148,171.49704531560604,178.99491362032077,168.690067459882
2025-10-06 19:15:37.478,840,173.6976853343907,171.0381284923614,178.6028183999165,171.0249656714847,179.41967520311468,169.21570206208258
2025-10-06 19:15:37.541,841,162.22685416717957,146.20169119492803,168.00310062614184,170.69263253204852,178.16845225910214,168.42481111656787
2025-10-06 19:15:37.605,842,155.00969388009145,129.88542966205821,159.27444109616235,170.2215930231116,177.03649013654734,167.76388842836792
2025-10-06 19:15:37.667,843,155.0905595700219,129.23457837579434,158.90766045457468,169.99065800195592,175.74490602665512,166.95436287829662
2025-10-06 19:15:37.731,844,145.58867166178922,117.9334023885283,157.43299088905744,169.5004969423902,175.2426041126574,166.452060956298
2025-10-06 19:15:37.802,845,141.34350497598686,114.11945158891308,158.68208769117876,168.05806833579487,173.51333832803905,165.80144592323634
2025-10-06 19:15:37.867,846,141.29681871356854,114.29096240509188,159.29096237377433,166.9766021913209,172.92646226929384,165.80144592323634
2025-10-06 19:15:37.930,847,133.36870363619914,111.17692693426451,163.36119428734546,167.2680272862683,172.37591281995665,165.32360681216238
2025-10-06 19:15:37.995,848,130.5747011039983,109.8561612009294,164.47588895908132,167.1967786855335,172.30466421992,165.32360681216238
2025-10-06 19:15:38.060,849,129.23578827179773,108.91487830957294,164.47588895908132,166.86099023075084,171.59840871355252,164.68718159114005
2025-10-06 19:15:38.123,850,130.40219222572884,109.50533843543205,163.96766060201017,167.22110910174183,172.73051893974986,165.32360681216238
2025-10-06 19:15:38.191,851,130.35806171778853,110.67338371698348,164.74488125087817,167.22110910174183,172.73051893974986,165.32360681216238
2025-10-06 19:15:38.256,852,131.2994569406639,111.44773632417113,164.57783863523403,167.6464735466619,173.93336686473378,165.96375647913536
2025-10-06 19:15:38.318,853,131.2994569406639,111.44773632417113,164.57783863523403,167.72592485371544,174.01281817064364,165.96375647913536
2025-10-06 19:15:38.382,854,131.81591836387022,112.84285683758954,165.0271241850822,168.2925113353204,174.57940464659222,165.96375647913536
2025-10-06 19:15:38.445,855,132.3457607102424,112.75276401157673,164.4071890147444,168.8574051078142,175.78804411403055,166.60750219051118
2025-10-06 19:15:38.510,856,136.3644779554496,117.09908425187338,165.46554486663877,168.14617855140662,175.15428472209877,166.452060956298
2025-10-06 19:15:38.571,857,139.23287142931883,121.64044686758575,167.10625589632718,167.97472037205142,174.66107909877144,166.1303135058697
2025-10-06 19:15:38.633,858,141.01230554480333,123.68793383822805,167.76388842836792,166.903664724343,174.26264932332992,166.2930389402562
2025-10-06 19:15:38.697,859,140.08826019220803,125.99149625225826,170.99149617091473,166.83983555040064,174.5011226439526,166.452060956298
2025-10-06 19:15:38.764,860,133.32208537059722,132.17901139939957,176.05481358042914,167.29342697130963,174.58216329467692,166.452060956298
2025-10-06 19:15:38.833,861,130.31717035252433,128.22105203553684,177.3974375113168,167.29342697130963,174.58216329467692,166.452060956298
2025-10-06 19:15:38.897,862,126.49716084085937,143.64222397281426,158.09129514308412,168.81033023338384,176.37885762523672,167.10625589632718
2025-10-06 19:15:38.963,863,125.23103471723992,146.4510186842545,153.98321703410926,169.33733193794734,177.84581577605277,167.90524286073904
2025-10-06 19:15:39.029,864,125.32173994386082,146.02876182842397,154.83212982362534,170.2877677148132,178.4178698481488,167.90524286073904
2025-10-06 19:15:39.094,865,124.69412106970543,178.42525467855882,120.9637565236511,170.215358199731,179.34407171771514,169.46081620096027
2025-10-06 19:15:39.156,866,123.68435268957158,174.97632170441204,113.35556485412371,170.10281623697094,179.77263530385625,168.690067459882
2025-10-06 19:15:39.249,867,123.10127786770617,176.73757641834473,114.08745230313014,170.10281623697094,179.77263530385625,168.690067459882
2025-10-06 19:15:39.323,868,121.60411661853018,178.92881775013834,116.8405095269796,170.52558026696838,179.65963191305613,168.690067459882
2025-10-06 19:15:39.386,869,121.11022392722191,177.86462072739315,117.36821042269075,170.78853570399176,178.89205901321534,169.33965163508103
2025-10-06 19:15:39.453,870,121.1534520346018,177.61175619297074,117.62107497689796,170.67054621008108,179.79074258299934,168.55895606516512
2025-10-06 19:15:39.517,871,120.2347139967417,175.06758724758436,119.66671519976703,171.65401401458564,178.00556448570703,169.21570206208258
2025-10-06 19:15:39.578,872,120.06084746371037,170.15675040879157,124.82448914747285,170.14886509000766,179.79074258299934,168.55895606516512
2025-10-06 19:15:39.647,873,120.06084746371037,167.5426680007391,127.43857156144844,170.14886509000766,179.79074258299934,168.55895606516512
2025-10-06 19:15:39.716,874,120.14745466338366,147.49458375325452,147.99461677032238,169.3218074015443,178.73612842207558,167.76388842836792
2025-10-06 19:15:39.789,875,121.37439792787947,127.0236493638801,169.27114063944083,168.38043262352974,178.17159959097535,167.76388842836792
2025-10-06 19:15:39.851,876,121.91365132802522,128.25522974107813,168.57881366883953,168.65441363396096,177.9240893528406,167.61924300901134
2025-10-06 19:15:39.912,877,119.7234981758592,117.42356503223174,177.7093896711113,169.13610236712856,177.5139671120594,167.10625589632718
2025-10-06 19:15:39.978,878,118.6733440807187,116.18325850615,178.31531530029682,169.51688652791813,177.36207410126406,166.95436287829662
2025-10-06 19:15:40.039,879,117.89802683958028,115.8513141576996,178.31531530029682,169.51688652791813,176.70075019022684,166.2930389402562
2025-10-06 19:15:40.114,880,116.45082879356832,103.16456482957891,170.8583596956636,171.20393228825554,178.94618273132397,168.95905974938216
2025-10-06 19:15:40.177,881,115.1821347641963,78.4634538924872,147.4259428444349,170.6437958664408,179.5063187309352,168.95905974938216
2025-10-06 19:15:40.239,882,115.1821347641963,74.03498449949576,142.99747345420502,170.6437958664408,179.37650710789595,169.0888715453916
2025-10-06 19:15:40.301,883,113.88900789152476,66.06699134713513,135.90938043592428,170.4971096036535,179.2496767023926,169.21570206208258
2025-10-06 19:15:40.366,884,112.5840112050144,64.29004622284185,134.99999998713835,170.4971096036535,179.2496767023926,169.21570206208258
2025-10-06 19:15:40.430,885,111.92002667528767,63.64953875782404,134.99999998713835,170.6437958664408,179.2496767023926,169.21570206208258
2025-10-06 19:15:40.498,886,112.53738900752535,64.29004622284185,134.99999998713835,170.38367522553884,179.98012331680204,168.55895606516512
2025-10-06 19:15:40.561,887,112.53738900752535,63.838907676098984,134.54886144065208,170.38367522553884,179.98012331680204,168.55895606516512
2025-10-06 19:15:40.622,888,111.91133141909903,64.96436725100871,135.89517369715006,170.38367522553884,179.98012331680204,168.55895606516512
2025-10-06 19:15:40.685,889,111.91133141909903,64.96436725100871,135.89517369715006,170.38367522553884,179.88874282873655,168.690067459882
2025-10-06 19:15:40.752,890,111.91133141909903,64.96436725100871,135.89517369715006,170.38367522553884,179.88874282873655,168.690067459882
2025-10-06 19:15:40.815,891,111.91133141909903,66.79550453446751,137.72631097977444,170.5303614883354,179.98012331680204,168.55895606516512
2025-10-06 19:15:40.878,892,112.54075925627804,70.79448292234329,141.09586152520995,171.23005214252086,178.8081651051183,169.21570206208258
2025-10-06 19:15:40.941,893,112.91661800105985,74.23061925504315,144.9405730096631,170.73505995058503,179.05134886272057,169.0888715453916
2025-10-06 19:15:41.005,894,112.64972451258919,86.84812926833041,158.19859046528654,170.47325708572723,179.45692759011115,168.14699576628647
2025-10-06 19:15:41.069,895,115.51331387919996,121.7441028723088,169.33965163508103,169.9555550869104,179.5974592080281,168.2875276229092
2025-10-06 19:15:41.134,896,116.90074137563917,117.86256896630826,174.1736578564446,169.91975192845882,179.84599496651214,168.42481111656787
2025-10-06 19:15:41.199,897,117.04427248976913,137.93250821412045,154.21267179319028,169.43372434121494,179.5974592080281,168.2875276229092
2025-10-06 19:15:41.263,898,117.82249015337793,151.95189423248115,140.52754013586036,170.3801398348671,177.28136789130426,170.31121335894957
2025-10-06 19:15:41.326,899,118.10965007525124,156.3357397403859,136.4688006998106,171.46845458534352,174.93123566397554,171.57303088405735
2025-10-06 19:15:41.390,900,118.54164626996871,166.4511195351273,126.74747094372273,171.31538895279743,174.93123566397554,171.57303088405735
2025-10-06 19:15:41.452,901,119.30554473081436,169.6081522863879,124.35433664685424,171.0275841350836,175.01879392345805,171.77327744138148
2025-10-06 19:15:41.532,902,120.80968997065195,168.40981863323535,126.60707480284553,170.59838886160745,175.35136908225974,171.86989755131083
2025-10-06 19:15:41.609,903,121.94659822659007,168.56631869911956,127.9987324314816,170.91591145223822,173.90060818522716,172.6262335353572
2025-10-06 19:15:41.670,904,123.21005960550201,166.1688694919889,131.69813431170556,170.22148652995628,175.16473854376144,172.05652809483288
2025-10-06 19:15:41.733,905,123.96222705996792,165.9477274661912,132.70938994241433,169.6584724769511,175.7277525874616,172.05652809483288
2025-10-06 19:15:41.795,906,124.75216900721226,130.47542447256868,169.0459372940996,170.67429793287343,175.94095353967688,171.96428919490984
2025-10-06 19:15:41.873,907,127.48873751240535,72.93148038413666,130.60129462369727,171.3235484863853,176.05957817058547,171.96428919490984
2025-10-06 19:15:41.954,908,126.86818760161489,68.71027996584037,126.57303095649384,171.3235484863853,175.39763383507065,172.6262335353572
2025-10-06 19:15:42.029,909,135.6088588988792,78.97949052395101,127.18470644129215,172.32301823545617,176.61579916188035,172.6262335353572
2025-10-06 19:15:42.094,910,141.49431996912529,87.51986112638619,130.19204602421922,170.44404199643222,179.40415533042346,172.6262335353572
2025-10-06 19:15:42.159,911,143.85240471906607,90.87182500507699,131.1859251522348,170.27391595433417,179.37120081488357,171.96428919490984
2025-10-06 19:15:42.223,912,156.08914432652546,120.75439407334994,147.31944522826865,169.70957026145908,178.2500267910655,172.53943377053938
2025-10-06 19:15:42.287,913,161.37598199678533,143.89128682277737,162.89727097618555,170.20805432263305,179.79488281064047,174.49452199944295
2025-10-06 19:15:42.359,914,161.55981962894057,148.55596767364992,167.38067763202037,170.31504386016604,179.7297374611287,174.55966782640024
2025-10-06 19:15:42.426,915,167.2169623200733,179.128004834589,169.75591247836476,171.53693278025528,179.9665604371934,175.34664824956891
2025-10-06 19:15:42.497,916,167.83925996465817,175.12512062937842,168.2614287231558,170.47745361112635,176.99193969237461,174.74619710610006
2025-10-06 19:15:42.567,917,169.2275090683834,173.23986324309547,167.7995312026171,170.8593137457376,176.99193969237461,174.74619710610006
2025-10-06 19:15:42.635,918,168.73566914021922,172.47340684579956,168.19756571209584,171.78960064321168,178.9051379660481,179.34145567659652
2025-10-06 19:15:42.701,919,172.70798836003232,171.44416439964553,169.38034462998752,169.98729535468306,179.9184257760163,179.33379888397928
2025-10-06 19:15:42.767,920,172.12496203782075,171.1445608247353,168.15792379840096,171.543650775766,179.47735352016676,179.34145567659652
2025-10-06 19:15:42.836,921,172.1184478059617,175.31028508985736,172.3493489184501,171.59323007299983,172.31202601555862,169.95065133127983
2025-10-06 19:15:42.902,922,171.63759016989027,173.6207517620892,168.85711005517504,177.82657357653702,166.19760013188997,161.3330856823544
2025-10-06 19:15:42.967,923,174.0470581455149,173.54339487859838,169.7651971498321,178.77203975262327,164.11627626924388,157.91282835884954
2025-10-06 19:15:43.030,924,174.69766719086277,174.67688294056134,170.78897336492173,178.87924098413964,163.42212318817684,157.01128316024403
2025-10-06 19:15:43.095,925,176.17334454994844,171.14099892900586,168.38851350128056,176.00575029512765,168.87024229444532,160.55996512679934
2025-10-06 19:15:43.160,926,176.55302532666846,166.02706672993938,163.3007557137403,174.0096483475459,173.40218676105982,163.83550079271245
2025-10-06 19:15:43.223,927,179.3260401708779,169.01039820587516,166.47683929094472,177.51028066307146,159.6629216637207,151.279673177007
2025-10-06 19:15:43.285,928,176.38894231504202,167.1018360361081,166.1389723784238,179.47941557712826,168.30815871406415,162.03086021442545
2025-10-06 19:15:43.349,929,175.55104985234854,166.91859775971974,165.96375647356294,179.09038266122886,173.860768063711,168.2614287231558
2025-10-06 19:15:43.412,930,173.16300689960542,168.11784965734043,169.0888715453916,177.8886864176215,171.28369840367156,166.8424571979945
2025-10-06 19:15:43.474,931,170.23221697563832,164.66476137796798,168.17851159708098,177.8878676090393,171.48998917087485,167.00538314605183
2025-10-06 19:15:43.537,932,169.2728640636886,164.9805664130506,169.06618314806104,176.4653651963625,169.0183195317913,165.61860535340904
2025-10-06 19:15:43.598,933,170.4033827504676,165.9708187273323,169.5792875327671,176.87915651957175,170.48101224834315,166.47683929094472
2025-10-06 19:15:43.666,934,171.27525915990947,167.7643016905858,170.8583596956636,177.31156416253216,170.52132488120967,166.47683929094472
2025-10-06 19:15:43.731,935,173.05292025232015,168.8779518871996,170.96051711581038,177.4800807918492,170.10801077386435,166.63978149655637
2025-10-06 19:15:43.796,936,175.65164974403552,174.03309048110893,173.5169261932439,178.98924049487775,172.90745111521036,168.2875276229092
2025-10-06 19:15:43.862,937,176.16773019935988,175.19275231067496,174.16050756181937,179.1644198226909,174.1534886600378,168.95905974938216
2025-10-06 19:15:43.930,938,177.60297138280833,176.86939071398643,174.80557094961398,179.1644198226909,174.1534886600378,168.95905974938216
2025-10-06 19:15:43.993,939,178.6332096476553,179.1935639013901,176.0995060670746,179.44217767487538,175.4600193382345,169.6336773214021
2025-10-06 19:15:44.056,940,178.70937623604755,179.6070142966168,176.78451577942937,179.9755954301459,176.83012471665586,170.42577203419714
2025-10-06 19:15:44.120,941,177.82636083496914,179.84211033651025,176.74805417082206,179.62478416516495,176.71556604431152,170.31121335894957
2025-10-06 19:15:44.184,942,177.83567823077988,179.77724131486502,176.71075709270258,178.46757080534442,174.8808162202052,169.6336773214021
2025-10-06 19:15:44.246,943,178.41403981525295,179.05453155091828,177.33699894776328,179.54579557556372,176.19720116639803,170.31121335894957
2025-10-06 19:15:44.307,944,178.5307399163266,177.9231105082003,177.95459112938423,179.1530662320558,176.19720116639803,170.31121335894957
2025-10-06 19:15:44.370,945,178.25350106306624,177.22071165083904,178.61964535376393,179.20227207661844,177.08857698711833,171.20258920289857
2025-10-06 19:15:44.431,946,179.35467784482475,176.5884200173155,179.32596195618015,177.67863251654776,179.06319713408809,173.8844963071152
2025-10-06 19:15:44.494,947,178.2757577617989,178.3084875096141,178.65211214700236,,,
2025-10-06 19:15:44.559,948,179.57227004522042,176.4552334471497,179.99874970336919,,,
2025-10-06 19:15:44.623,949,179.96842571502683,175.09130594267242,178.6360718956018,,,
2025-10-06 19:15:44.686,950,175.5878341935726,179.50608243517624,179.99876432729326,,,
2025-10-06 19:15:44.748,951,172.0875443592331,175.8122127608143,179.32596195618015,,,
2025-10-06 19:15:44.822,952,176.1835697042665,177.6538012795064,178.66777957332704,,,
2025-10-06 19:15:44.887,953,176.37041589738806,175.27839293754607,177.30571542398175,,,
2025-10-06 19:15:44.950,954,176.02300231785588,170.98333355586524,174.55966782640024,,,
2025-10-06 19:15:45.022,955,176.0285285317782,170.23504962622567,173.81138391017635,,,
2025-10-06 19:15:45.086,956,174.6106882004138,167.57274744692032,172.9620591230872,164.30396479156647,,
2025-10-06 19:15:45.152,957,163.51554679702812,150.91538697281194,167.3998401150605,165.2775746252912,150.0913638522492,161.1615664046216
2025-10-06 19:15:45.218,958,164.59657502291725,156.00066358605366,171.4040884759218,167.4458134611586,153.1174812265651,162.37770273088205
2025-10-06 19:15:45.279,959,153.74601887426985,127.29916605348154,159.3045492344081,168.09757889657274,162.7268967671346,169.69515346076946
2025-10-06 19:15:45.342,960,157.59332622569684,134.33143423146404,162.89727099183185,166.78812271053164,171.7604407011224,176.78451577942937
2025-10-06 19:15:45.403,961,157.55885637353853,132.133506593167,161.1881106624904,170.27569883807396,174.2865970734511,177.3974375113168
2025-10-06 19:15:45.469,962,155.53593907762925,129.3614266544886,158.4160307286314,171.2419309996714,176.15361041050852,177.4266402506331
2025-10-06 19:15:45.530,963,154.923054828951,127.73580633906207,156.57130716429455,173.5187293239304,175.50736713006276,174.86362136490808
2025-10-06 19:15:45.596,964,157.97122749222285,133.08795266536575,158.87528082248903,169.93485364598837,172.15572450696604,173.44305338799458
2025-10-06 19:15:45.675,965,151.73366561831642,125.56282318648772,156.33685926489363,167.54905760986676,173.5036183549955,174.80557094961398
2025-10-06 19:15:45.738,966,150.97290981458553,124.26423649977882,155.79902838271136,168.13302259339008,174.12422625810402,176.05481358042914
2025-10-06 19:15:45.806,967,152.50774947622946,126.55293975947906,156.57130716429455,167.66161978169572,171.59008705131586,174.80557094961398
2025-10-06 19:15:45.870,968,150.15735116420615,123.77739251613757,154.462565585318,167.22126679127516,171.62574092353464,174.80557094961398
2025-10-06 19:15:45.935,969,151.93980301341668,124.71768430862396,154.462565585318,167.92506776618583,171.5490544574754,174.09385875958137
2025-10-06 19:15:45.999,970,153.0355550466543,126.45349486853459,155.50809894633414,168.33229939261224,170.16624325425744,172.71104757305756
2025-10-06 19:15:46.065,971,152.61779025417297,126.6914761724516,155.7460802502012,169.42701645608796,173.38908307403497,174.0256765868869
2025-10-06 19:15:46.130,972,152.61779025417297,126.6914761724516,155.7460802502012,169.8332785658833,172.7308917512558,173.36748527103686
2025-10-06 19:15:46.192,973,153.37163858701572,127.20734320150623,155.50809894633414,171.28526709517362,172.62623358127385,172.6262335353572
2025-10-06 19:15:46.265,974,153.93884364089183,129.4858015082541,156.80140945934508,170.24051019198507,171.98964000992794,172.6262335353572
2025-10-06 19:15:46.343,975,154.44732569873156,130.51909571614712,157.33544253747698,170.64867352128473,172.65356955858883,173.29016307843645
2025-10-06 19:15:46.407,976,154.9510240479919,131.56101669074394,157.87366516193683,169.1280668873761,171.35320356978156,172.6262335353572
2025-10-06 19:15:46.471,977,155.02153227779877,131.60486994205323,157.42586189275397,170.8111638940753,173.29016312901712,173.29016307843645
2025-10-06 19:15:46.534,978,155.0985230224311,132.43128942712372,157.75097631332653,170.74427222688723,173.29016312901712,173.29016307843645
2025-10-06 19:15:46.605,979,163.44578542197002,146.91108228953138,163.8865817245685,170.2605540272226,172.62623358127385,172.6262335353572
2025-10-06 19:15:46.686,980,174.86084001344966,161.71481107622773,166.4295655617945,174.23563861569053,166.9157946513812,166.2930389402562
2025-10-06 19:15:46.748,981,177.5601397478438,160.61017583279616,161.7675088804253,174.81062506451002,158.57402062625513,157.32865634597758
2025-10-06 19:15:46.811,982,178.43602768743892,146.88287116300384,146.30993245699415,176.05481370355685,158.86017517291478,156.37062223934777
2025-10-06 19:15:46.873,983,179.42018951582244,130.32296008159557,127.46055485143923,178.72748375038202,168.9484382588289,163.36119428734546
2025-10-06 19:15:46.938,984,179.56237356875755,129.11003857947023,125.67640821329397,179.42835157231352,173.54674022636132,166.1153322641767
2025-10-06 19:15:47.012,985,177.27900293713816,129.55634324105924,123.34070733818997,175.75882103598283,177.94506821725605,168.07926140106693
2025-10-06 19:15:47.075,986,173.3064091940655,139.50727693322978,128.8533743303691,171.63104217911527,173.55839984172704,172.40535653675323
2025-10-06 19:15:47.152,987,172.53892620120905,143.33832573584613,131.47854661207796,170.89273537434326,172.11787279946358,173.10757677409356
2025-10-06 19:15:47.219,988,173.12273595866745,144.12413165886443,132.81419918177158,170.73844362021273,170.22562761423006,174.41275590907657
2025-10-06 19:15:47.285,989,173.0141172659116,145.5478913296227,133.68811220568213,170.30566933939355,170.10747862139598,174.53090490314372
2025-10-06 19:15:47.350,990,173.0141172659116,145.09738808854843,133.23760896462335,170.89273537434326,170.63731883857605,174.58813072092656
2025-10-06 19:15:47.415,991,173.49604588364988,145.1240745234043,133.26429539952204,170.89273537434326,170.6945446557183,174.53090490314372
2025-10-06 19:15:47.477,992,172.94840648026735,146.96327408485593,134.55585555451918,170.9384605082082,171.73702094275805,173.92754347884363
2025-10-06 19:15:47.541,993,172.56896587178062,146.96073141259933,134.13194853834526,172.35060254235884,172.68864084710484,173.8627439368032
2025-10-06 19:15:47.603,994,173.0157829705641,147.82878286217516,134.99999998790622,172.16361684896432,172.05729887792594,174.35175249955893
2025-10-06 19:15:47.668,995,173.05015082305988,150.76663681665684,137.52611689861632,171.71832183116084,170.93349721918383,175.03025912918878
2025-10-06 19:15:47.734,996,173.05015082305988,151.55830107319397,138.31778115516838,171.2842712010235,169.8807838152816,175.64892188519565
2025-10-06 19:15:47.798,997,173.85508119671405,151.53341030317503,138.7046274288318,172.69801057180803,171.52112563242562,175.03025912918878
2025-10-06 19:15:47.863,998,174.51240585509746,149.23156922293327,137.0601110112024,172.9862374146893,171.67434962457958,175.6012944817844
2025-10-06 19:15:47.926,999,175.64209540511308,145.5518094979422,134.99999998825672,173.53046118259897,172.8872507504082,174.97592459877126
2025-10-06 19:15:47.988,1000,178.56109510634582,148.44750279055813,141.25403273016673,176.36440643734022,179.67934225294061,171.06043491599155
2025-10-06 19:15:48.051,1001,177.60320214607466,158.6706973027422,155.40020936742386,179.32820538254174,172.10101243034524,165.96375647913536
2025-10-06 19:15:48.113,1002,174.92102950568358,157.0975950011817,156.55193739283973,177.20908018922896,168.01791727694211,163.10135126027694
2025-10-06 19:15:48.175,1003,170.680597490386,166.4393952357021,170.2175928929091,175.58199054421567,165.66488809884243,162.0126653043422
2025-10-06 19:15:48.236,1004,170.6043645960862,166.11728646625747,170.43331393495365,174.34079752376292,163.75314124704875,161.34211148412305
2025-10-06 19:15:48.298,1005,171.3770911399156,171.53819361986552,175.50284822213408,169.1841033586698,176.69366640543404,178.6028183999165
2025-10-06 19:15:48.363,1006,168.00110775515105,167.72576596829407,159.51298577509755,167.91342567447103,170.1103330297793,173.29016307843645
2025-10-06 19:15:48.441,1007,166.38234056757875,169.62766733451414,159.37646858603247,166.81960721607427,167.10371617957222,170.96051711581038
2025-10-06 19:15:48.504,1008,150.31254497026276,163.37494434980943,169.02775970297952,169.16821893796165,178.1268698411408,177.48312405685766
2025-10-06 19:15:48.569,1009,151.49973162069907,163.01325772997782,170.15886817395065,171.5121769697847,178.67200450211539,178.75463516040872
2025-10-06 19:15:48.633,1010,153.39429704159704,163.5032741326937,170.72739815211577,172.1543014957359,178.02988007196348,178.75463516040872
2025-10-06 19:15:48.703,1011,156.73158022636585,168.38465578653938,169.59228862489536,172.11864762438918,179.3370449340019,177.48312405685766
2025-10-06 19:15:48.772,1012,159.75760818936718,167.9750731821727,173.01894249838512,,,
2025-10-06 19:15:48.837,1013,160.6755467841483,169.37619727646626,172.94769389738832,,,
2025-10-06 19:15:48.902,1014,175.92354706331966,176.2896348180613,177.48312405685766,,,
2025-10-06 19:15:48.964,1015,179.9716976062623,179.1637683890707,178.00211976178375,,,
2025-10-06 19:15:49.027,1016,179.88088021704945,177.9504515623031,178.6830870214002,,,
2025-10-06 19:15:49.090,1017,174.4336678185688,174.23510270095736,165.48894044940548,,,
2025-10-06 19:15:49.151,1018,176.6418605911581,168.81364546553158,161.146841196851,,,
2025-10-06 19:15:49.214,1019,175.6582447095172,167.02586688406635,158.81865046526605,,,
2025-10-06 19:15:49.277,1020,175.2685765218612,173.48884345861555,167.61924300901134,172.8303160202021,167.37670586323378,163.16252732663705
2025-10-06 19:15:49.340,1021,175.9146313145093,178.64481102193392,174.93638298390658,172.38698377889298,166.04784021414903,161.3330856823544
2025-10-06 19:15:49.403,1022,175.92429618790567,158.65081272289308,154.94238455286185,173.1225790777655,164.60216620135967,159.88741166953852
2025-10-06 19:15:49.464,1023,173.92837569835706,168.19413326037187,166.1303135058697,170.18069934132802,165.25643713714393,165.25643710812
2025-10-06 19:15:49.527,1024,172.58468780615468,164.6804474415832,162.68835384556982,170.35546681021086,171.0319255605393,172.09283718353956
2025-10-06 19:15:49.590,1025,174.33807585800474,166.2794564755015,165.29169604753795,170.70162807642762,174.76651308188596,175.29214759247776
2025-10-06 19:15:49.654,1026,174.25373075922124,179.99914988964468,179.998710744406,171.0375719722236,137.37537883363947,137.9108378109823
2025-10-06 19:15:49.719,1027,173.31068457586122,179.23610103207326,179.23610039325763,162.45386073639938,174.10321847544435,162.89727098531256
2025-10-06 19:15:49.781,1028,171.29929957560546,178.98602087378646,179.99864004845637,162.6502644848636,177.3294777556228,164.85901611683016
2025-10-06 19:15:49.845,1029,171.07940584392674,176.47820226501767,177.51044669638964,163.92115142658162,177.45441446267407,165.51023735787783
2025-10-06 19:15:49.907,1030,170.77069025005983,175.63103798259303,176.68221854566647,163.96650310271156,178.05123447685156,165.80890340047844
2025-10-06 19:15:49.971,1031,170.51292412934905,174.70907642883435,175.7321064711616,169.43765684326016,176.73789046544948,169.2420328523586
2025-10-06 19:15:50.037,1032,171.32365938680988,175.0346292366687,175.53284071012388,172.66163500750466,174.88395881144507,170.9723869827131
2025-10-06 19:15:50.100,1033,172.2671944128242,176.91758238058912,176.4236653390816,173.82750209215052,173.314978748264,170.8886428886597
2025-10-06 19:15:50.164,1034,172.58308625897544,,,179.97444431185107,170.39261047880836,175.76360505809305
2025-10-06 19:15:50.228,1035,174.14127403265735,,,179.48635935875404,175.14038551572241,176.72951188614155
2025-10-06 19:15:50.291,1036,175.37468787892388,,,179.1513161297777,173.06940375261604,177.85909834739783
2025-10-06 19:15:50.357,1037,174.45153367855835,,,178.51750132893363,172.26039548376545,178.8875998108523
2025-10-06 19:15:50.424,1038,174.06891709280669,,,177.35654852398505,170.5303539362445,179.45434126072067
2025-10-06 19:15:50.488,1039,175.729481905754,,,178.03465103643975,,
2025-10-06 19:15:50.551,1040,177.78524480618506,,,176.38688002200084,,
2025-10-06 19:15:50.612,1041,178.13940400501005,,,174.98914038939574,,
2025-10-06 19:15:50.676,1042,178.76625063131206,,,174.55041321552306,,
2025-10-06 19:15:50.747,1043,176.6825901362854,,,173.1235537831846,,
2025-10-06 19:15:50.810,1044,175.52304795381826,,,173.10938361497762,,
2025-10-06 19:15:50.874,1045,174.9513645484506,,,172.90925362356248,,
2025-10-06 19:15:50.936,1046,171.96980903905109,,,173.94235317105094,,
2025-10-06 19:15:50.997,1047,172.464317151401,,,176.5772771844458,,
2025-10-06 19:15:51.061,1048,172.75427016666083,,,177.22464842107064,,
2025-10-06 19:15:51.123,1049,173.90640764538628,,,177.29766758359025,,
2025-10-06 19:15:51.190,1050,171.77193529374046,,,177.56654484915856,,
2025-10-06 19:15:51.254,1051,171.11327512217557,,,176.47093399331965,,
2025-10-06 19:15:51.314,1052,172.22227222857333,,,176.9231532456861,,
2025-10-06 19:15:51.392,1053,173.94112625964974,,,176.46120118524038,,
2025-10-06 19:15:51.454,1054,174.19091936819112,,,176.54871046283543,,
2025-10-06 19:15:51.515,1055,175.15925710521017,,,172.87620600007278,,
2025-10-06 19:15:51.585,1056,178.11995700274767,,,165.21353723551144,,
2025-10-06 19:15:51.649,1057,179.74577385420014,,,166.2456303617809,,
2025-10-06 19:15:51.715,1058,,,,,,
2025-10-06 19:15:51.770,1059,,,,,,
2025-10-06 19:15:51.824,1060,,,,,,
2025-10-06 19:15:51.879,1061,,,,,,
2025-10-06 19:15:51.933,1062,,,,,,
2025-10-06 19:15:52.041,1063,174.10099582880977,,,175.34303043201703,,
2025-10-06 19:15:52.106,1064,33.136103821432584,,,66.92111560593294,,
2025-10-06 19:15:52.168,1065,,,,,,
2025-10-06 19:15:52.221,1066,,,,,,
2025-10-06 19:15:52.335,1067,170.88359807200666,,,178.95743709642693,,
2025-10-06 19:15:52.397,1068,14.777573799483202,,,33.74778895321565,,
2025-10-06 19:15:52.459,1069,,,,11.68905361195577,,
2025-10-06 19:15:52.524,1070,,,,12.977888499645447,,
2025-10-06 19:15:52.587,1071,,,,11.752148722227961,,
2025-10-06 19:15:52.650,1072,,,,,,
2025-10-06 19:15:52.712,1073,,,,,,
2025-10-06 19:15:52.775,1074,,,,,,
2025-10-06 19:15:52.837,1075,,,,,,
2025-10-06 19:15:52.899,1076,,,,,,
2025-10-06 19:15:52.960,1077,,,,,,
2025-10-06 19:15:53.022,1078,,,,,,
2025-10-06 19:15:53.086,1079,,,,,,
2025-10-06 19:15:53.194,1080,,,,,,
2025-10-06 19:15:53.257,1081,,,,,,
2025-10-06 19:15:53.318,1082,,,,,,
2025-10-06 19:15:53.380,1083,,,,,,
2025-10-06 19:15:53.444,1084,,,,,,
2025-10-06 19:15:53.511,1085,,,,,,
2025-10-06 19:15:53.572,1086,,,,,,
2025-10-06 19:15:53.635,1087,,,,,,
